,Nombre,Edad,Fecha de nacimiento,Liga,Temporada,Posicion,Club,Nacionalidad,Calificacion,Minutos jugados totales,Minutos jugados local,Minutos jugados visita,Apariciones totales,Apariciones local,Apariciones visita,Goles totales,Goles local,Goles visita,Asistencias totales,Asistencias local,Asistencias visita,Goles penal,Penales errados,Partidos sin gol recibido totales,Partidos sin gol recibido local,Partidos sin gol recibido visita,Goles permitidos totales,Goles permitidos local,Goles permitidos visita,Tarjetas amarillas totales,Tarjetas rojas totales,Participacion en goles x cada 90 min totales,Asistencias x cada 90 min totales,Goles x cada 90 min totales,Goles x cada 90 min local,Goles x cada 90 min visita,Minutos x gol totales,Goles permitidos x cada 90 min totales,Minutos x goles permitidos totales,Minutos x partido,Minutos x tarjeta totales,Minutos x asistencia totales,Tarjetas x cada 90 min totales,Calificacion,Asistencias x partido totales,Pases x cada 90 minutos totales,Pases x juego totales,Pases totales,Pases completos x partidos totales,Pases completos totales,Pases completos x cada 90 min,Pases clave x partido totales,Pases clave totales,Centros x partido totales,Entradas x cada 90 min totales,Entradas x partido totales,Entradas totales,Balones perdidos x partido totales,Atajadas x partido totales,Intercepciones x partido totales,Regates existosos x partido totales,Tiros recibidos x partido totales,Tiros x goles anotados totales,Tiros x cada 90 min totales,Tiros desviados x partido totales,Regates x partido totales,Tiros puerta x partido totales,Duelos aereos ganados x partidos totales,Tiros totales,Tiros x partido totales,Tiros a puerta totales,Tiros puerta x cada 90 min totales,Tiros desviados totales,Tiros desviados x cada 90 min totales,Intercepciones totales,Intercepciones x cada 90 min totales,Centros totales,Centros x cada 90 min totales,Pases clave x cada 90 min totales,Regates totales,Regates x cada 90 min totales,Regates existosos totales,Regates existosos x cada 90 min totales,Porcentaje regates existosos totales,Atajadas totales,Atajadas x cada 90 min totales,Tiros recibidos totales,Tiros recibidos x cada 90 min totales,Porcentaje atajadas totales,Porcentaje pases completos totales,Porcentaje tiros precisos totales,Duelos regate perdidos x cada partido totales,Duelos regate perdidos x cada 90 min totales,Duelos regate perdidos totales,Penales anotados totales,Penales errados totales,Bloqueos x partido totales,Bloqueos x cada 90 min totales,Bloqueos totales,Despejes x partido totales,Despejes x cada 90 min totales,Despejes totales,Penales cometidos totales,Penales cometidos x cada 90 min totales,Penales cometidos x partido totales,Penales atajados totales,Penales ejecutados totales,Tiros a poste totales,Tiros a poste x partido totales,Tiros a poste x cada 90 min totales,Punetazos totales,Punetazos x partido totales,Punetazos x cada 90 min totales,Offsides x cada 90 min totales,Offsides x partido totales,Offsides totales,Penales generados totales,Tasa tiros/goles totales,Faltas recibidas totales,Faltas recibidas x partido totales,Faltas recibidas x cada 90 min totales,Faltas cometidas x cada 90 min totales,Faltas cometidas x partido totales,Faltas cometidas totales,Duelos aereos ganados totales,Duelos aereos ganados x cada 90 min totales,Duelos x cada 90 min totales,Duelos x partido totales,Duelos totales,Duelos ganados totales,Duelos ganados x cada 90 min totales,Duelos ganados x partido totales,Porcentaje duelos ganados totales,Balones perdidos totales,Balones perdidos x cada 90 min totales,Porcentaje centros precisos totales,Centros precisos totales,Centros precisos x partido totales,Centros precisos x cada 90 min totales,Hattricks totales
4,Nahuel Ignacio Guzmán,38,10/02/1986,Liga MX,2022/2023,Goalkeeper,Tigres UANL,Argentina,7.26,2705,1260,1445,30,14,16,0,0,0,0,0,0,0,0,9,5,4,30,11,19,9,1,0.0,0.0,0.0,0.0,0.0,0,1.0,90,90,301,0,0.3,7.26,0.0,38.77,38.77,1163.0,30.27,908.0,30.27,0.0,0.0,0.03,0.0,0.0,0.0,0.0,3.07,0.0,0.07,4.1,0.0,0.0,0.0,0.13,0.0,0.27,0.0,0.0,0.0,0.0,0.0,0.0,0.0,0.0,1.0,0.03,0.0,4.0,0.13,2.0,0.07,50.0,92.0,3.07,123.0,4.1,74.8,78.07,0.0,0.03,0.03,1.0,0.0,0.0,0.0,0.0,0.0,0.87,0.87,26.0,0.0,0.0,0.0,1.0,0.0,0.0,0.0,0.0,6.0,0.2,0.2,0.0,0.0,0.0,0.0,0.0,6.0,0.2,0.2,0.03,0.03,1.0,8.0,0.27,0.67,0.67,20.0,15.0,0.5,0.5,75.0,0.0,0.0,0.0,0.0,0.0,0.0,0.0
12,Julio César Domínguez Juárez,36,08/11/1987,Liga MX,2022/2023,Defender,Atletico San Luis,Mexico,6.9,2637,1416,1221,31,17,14,2,1,1,1,1,0,0,0,7,5,2,44,21,23,4,0,0.1,0.03,0.07,0.06,0.07,1319,1.5,60,85,659,2637,0.14,6.9,0.03,52.76,49.87,1546.0,46.81,1451.0,49.52,0.1,3.0,0.0,0.96,0.9,28.0,0.1,0.0,0.71,0.1,0.0,3.5,0.24,0.16,0.1,0.06,1.29,7.0,0.23,2.0,0.07,5.0,0.17,22.0,0.75,0.0,0.0,0.1,3.0,0.1,3.0,0.1,100.0,0.0,0.0,0.0,0.0,0.0,93.86,28.57,0.32,0.34,10.0,0.0,0.0,1.06,1.13,33.0,3.35,3.55,104.0,0.0,0.0,0.0,0.0,0.0,0.0,0.0,0.0,0.0,0.0,0.0,0.03,0.03,1.0,0.0,28.57,8.0,0.26,0.27,0.38,0.35,11.0,40.0,1.37,4.88,4.61,143.0,79.0,2.7,2.55,55.24,3.0,0.1,0.0,0.0,0.0,0.0,0.0
14,Pablo Edson Barrera Acosta,36,21/06/1987,Liga MX,2022/2023,Forward,Queretaro,Mexico,7.18,2252,1159,1093,28,14,14,5,5,0,8,4,4,2,0,6,2,4,34,14,20,3,0,0.52,0.32,0.2,0.39,0.0,450,1.36,66,80,751,282,0.12,7.18,0.29,26.86,24.0,672.0,18.0,504.0,20.14,2.43,68.0,7.14,1.12,1.0,28.0,1.07,0.0,0.39,1.43,0.0,4.6,0.92,0.36,3.25,0.46,0.29,23.0,0.82,13.0,0.52,10.0,0.4,11.0,0.44,200.0,7.99,2.72,91.0,3.64,40.0,1.6,43.96,0.0,0.0,0.0,0.0,0.0,75.0,56.52,0.75,0.84,21.0,2.0,0.0,0.11,0.12,3.0,0.32,0.36,9.0,0.0,0.0,0.0,0.0,2.0,0.0,0.0,0.0,0.0,0.0,0.0,0.12,0.11,3.0,0.0,21.74,17.0,0.61,0.68,0.48,0.43,12.0,8.0,0.32,8.47,7.57,212.0,93.0,3.72,3.32,43.87,30.0,1.2,35.5,71.0,2.54,2.84,0.0
15,Rodolfo Cota Robles,36,03/07/1987,Liga MX,2022/2023,Goalkeeper,Leon,Mexico,6.84,2700,1260,1440,30,14,16,0,0,0,0,0,0,0,0,6,4,2,43,15,28,2,0,0.0,0.0,0.0,0.0,0.0,0,1.43,63,90,1350,0,0.07,6.84,0.0,21.39,21.39,599.0,15.96,447.0,15.96,0.0,0.0,0.0,0.04,0.04,1.0,0.0,2.36,0.0,0.04,4.07,0.0,0.0,0.0,0.04,0.0,0.18,0.0,0.0,0.0,0.0,0.0,0.0,0.0,0.0,0.0,0.0,0.0,1.0,0.04,1.0,0.04,100.0,66.0,2.36,114.0,4.07,57.89,74.62,0.0,0.07,0.07,2.0,0.0,0.0,0.0,0.0,0.0,0.96,0.96,27.0,1.0,0.04,0.04,0.0,0.0,0.0,0.0,0.0,14.0,0.5,0.5,0.0,0.0,0.0,0.0,0.0,6.0,0.21,0.21,0.04,0.04,1.0,5.0,0.18,0.64,0.64,18.0,15.0,0.54,0.54,83.33,0.0,0.0,0.0,0.0,0.0,0.0,0.0
17,Camilo Andrés Vargas Gil,35,09/03/1989,Liga MX,2022/2023,Goalkeeper,Atlas,Colombia,7.14,2520,1170,1350,28,13,15,0,0,0,0,0,0,0,0,8,7,1,37,13,24,3,0,0.0,0.0,0.0,0.0,0.0,0,1.32,68,90,840,0,0.11,7.14,0.0,33.68,34.93,943.0,23.59,637.0,22.75,0.04,1.0,0.0,0.04,0.04,1.0,0.0,2.74,0.0,0.04,4.3,0.0,0.0,0.0,0.04,0.0,0.04,0.0,0.0,0.0,0.0,0.0,0.0,0.0,0.0,0.0,0.0,0.04,1.0,0.04,1.0,0.04,100.0,74.0,2.64,116.0,4.14,63.79,67.55,0.0,0.04,0.04,1.0,0.0,0.0,0.0,0.0,0.0,0.52,0.5,14.0,1.0,0.04,0.04,1.0,0.0,0.0,0.0,0.0,5.0,0.19,0.18,0.0,0.0,0.0,0.0,0.0,2.0,0.07,0.07,0.04,0.04,1.0,1.0,0.04,0.32,0.33,9.0,7.0,0.25,0.26,77.78,0.0,0.0,0.0,0.0,0.0,0.0,0.0
28,Brayan Alexis Angulo León,34,02/11/1989,Liga MX,2022/2023,Defender,Puebla,Colombia,7.03,2499,1249,1250,28,14,14,2,1,1,6,3,3,0,0,3,2,1,43,23,20,6,1,0.29,0.22,0.07,0.07,0.07,1250,1.55,58,89,357,417,0.25,7.03,0.21,43.79,43.41,1172.0,35.37,955.0,35.68,1.19,32.0,3.78,1.91,1.89,51.0,1.67,0.0,1.22,3.04,0.0,7.5,0.56,0.33,4.85,0.22,1.11,15.0,0.56,6.0,0.22,9.0,0.34,33.0,1.23,102.0,3.81,1.2,131.0,4.89,82.0,3.06,62.6,0.0,0.0,0.0,0.0,0.0,81.48,40.0,0.74,0.75,20.0,0.0,0.0,0.07,0.07,2.0,1.0,1.01,27.0,0.0,0.0,0.0,0.0,0.0,0.0,0.0,0.0,0.0,0.0,0.0,0.04,0.04,1.0,0.0,13.33,23.0,0.85,0.86,0.71,0.7,19.0,30.0,1.12,12.59,12.48,337.0,186.0,6.95,6.89,55.19,45.0,1.68,25.49,26.0,0.96,0.97,0.0
32,Guido Pizarro,34,26/02/1990,Liga MX,2022/2023,Midfielder,Tigres UANL,Argentina,6.87,2501,1215,1286,30,14,16,0,0,0,1,0,1,0,0,9,6,3,25,9,16,3,0,0.04,0.04,0.0,0.0,0.0,0,0.9,100,83,834,2501,0.11,6.87,0.03,64.7,59.93,1798.0,52.8,1584.0,57.0,0.27,8.0,0.13,1.4,1.3,39.0,0.23,0.0,0.77,0.03,0.0,0.0,0.36,0.23,0.3,0.1,1.6,10.0,0.33,3.0,0.11,7.0,0.25,23.0,0.83,4.0,0.14,0.29,9.0,0.32,1.0,0.04,11.11,0.0,0.0,0.0,0.0,0.0,88.1,30.0,0.9,0.97,27.0,0.0,0.0,0.57,0.61,17.0,1.77,1.91,53.0,0.0,0.0,0.0,0.0,0.0,0.0,0.0,0.0,0.0,0.0,0.0,0.0,0.0,0.0,0.0,0.0,31.0,1.03,1.12,0.65,0.6,18.0,48.0,1.73,7.92,7.33,220.0,118.0,4.25,3.93,53.64,7.0,0.25,25.0,1.0,0.03,0.04,0.0
34,Javier Ignacio Aquino Carmona,34,11/02/1990,Liga MX,2022/2023,Midfielder,Tigres UANL,Mexico,7.06,2353,1305,1048,28,15,13,0,0,0,0,0,0,0,0,10,7,3,23,9,14,1,0,0.0,0.0,0.0,0.0,0.0,0,0.88,102,84,2353,0,0.04,7.06,0.0,54.81,51.18,1433.0,43.07,1206.0,46.13,0.71,20.0,3.07,2.68,2.5,70.0,0.86,0.0,1.21,1.14,0.0,0.0,0.38,0.29,1.71,0.07,0.79,10.0,0.36,2.0,0.08,8.0,0.31,34.0,1.3,86.0,3.29,0.76,48.0,1.84,32.0,1.22,66.67,0.0,0.0,0.0,0.0,0.0,84.16,20.0,0.89,0.96,25.0,0.0,0.0,0.18,0.19,5.0,1.07,1.15,30.0,2.0,0.08,0.07,0.0,0.0,0.0,0.0,0.0,0.0,0.0,0.0,0.04,0.04,1.0,0.0,0.0,40.0,1.43,1.53,0.73,0.68,19.0,22.0,0.84,10.25,9.57,268.0,163.0,6.23,5.82,60.82,24.0,0.92,20.93,18.0,0.64,0.69,0.0
39,Rafael De Souza Pereira,34,18/06/1989,Liga MX,2022/2023,Midfielder,Tigres UANL,Brazil,7.16,2649,1407,1242,30,16,14,1,1,0,5,1,4,0,0,10,7,3,25,11,14,5,0,0.2,0.17,0.03,0.06,0.0,2649,0.85,106,88,530,530,0.17,7.16,0.17,61.09,59.93,1798.0,54.07,1622.0,55.11,0.97,29.0,0.57,2.04,2.0,60.0,0.93,0.0,0.7,0.7,0.0,12.0,0.41,0.27,1.03,0.13,0.27,12.0,0.4,4.0,0.14,8.0,0.27,21.0,0.71,17.0,0.58,0.99,31.0,1.05,21.0,0.71,67.74,0.0,0.0,0.0,0.0,0.0,90.21,33.33,0.8,0.82,24.0,0.0,0.0,0.17,0.17,5.0,0.57,0.58,17.0,0.0,0.0,0.0,0.0,0.0,1.0,0.03,0.03,0.0,0.0,0.0,0.0,0.0,0.0,0.0,8.33,43.0,1.43,1.46,1.05,1.03,31.0,8.0,0.27,7.78,7.63,229.0,132.0,4.48,4.4,57.64,28.0,0.95,41.18,7.0,0.23,0.24,0.0
44,Eduardo Antonio Salvio,33,13/07/1990,Liga MX,2022/2023,Midfielder,Pumas UNAM,Argentina,7.09,2566,1282,1284,31,16,15,5,3,2,7,5,2,1,0,10,8,2,32,8,24,7,0,0.42,0.25,0.18,0.21,0.14,513,1.12,80,83,367,367,0.25,7.09,0.23,32.62,30.0,930.0,23.74,736.0,25.81,2.0,62.0,4.32,0.98,0.9,28.0,1.32,0.0,0.35,2.55,0.0,13.8,2.42,1.29,5.61,0.94,0.68,69.0,2.23,29.0,1.02,40.0,1.4,11.0,0.39,134.0,4.7,2.17,174.0,6.1,79.0,2.77,45.4,0.0,0.0,0.0,0.0,0.0,79.14,42.03,0.71,0.77,22.0,1.0,0.0,0.03,0.04,1.0,0.29,0.32,9.0,2.0,0.07,0.06,0.0,1.0,4.0,0.13,0.14,0.0,0.0,0.0,0.25,0.23,7.0,0.0,7.25,28.0,0.9,0.98,0.88,0.81,25.0,21.0,0.74,12.21,11.23,348.0,156.0,5.47,5.03,44.83,41.0,1.44,28.36,38.0,1.23,1.33,0.0
45,Esteban Andrada,33,26/01/1991,Liga MX,2022/2023,Goalkeeper,Monterrey,Argentina,7.35,2610,1440,1170,29,16,13,0,0,0,0,0,0,0,0,11,6,5,22,12,10,7,0,0.0,0.0,0.0,0.0,0.0,0,0.76,119,90,373,0,0.24,7.35,0.0,35.75,35.75,1001.0,28.0,784.0,28.0,0.04,1.0,0.0,0.11,0.11,3.0,0.0,3.18,0.0,0.07,4.04,0.0,0.0,0.0,0.14,0.0,0.5,0.0,0.0,0.0,0.0,0.0,0.0,0.0,0.0,0.0,0.0,0.04,4.0,0.14,2.0,0.07,50.0,89.0,3.18,113.0,4.04,78.76,78.32,0.0,0.0,0.0,0.0,0.0,0.0,0.0,0.0,0.0,1.11,1.11,31.0,0.0,0.0,0.0,1.0,0.0,0.0,0.0,0.0,13.0,0.46,0.46,0.0,0.0,0.0,0.0,0.0,9.0,0.32,0.32,0.0,0.0,0.0,14.0,0.5,1.07,1.07,30.0,27.0,0.96,0.96,90.0,0.0,0.0,0.0,0.0,0.0,0.0,0.0
46,Federico Eduardo Lértora,33,05/07/1990,Liga MX,2022/2023,Midfielder,Queretaro,Argentina,7.12,2282,1102,1180,27,13,14,2,0,2,1,0,1,0,0,6,2,4,32,10,22,9,0,0.12,0.04,0.08,0.0,0.15,1141,1.26,71,85,254,2282,0.35,7.12,0.04,32.62,30.63,827.0,22.59,610.0,24.06,0.78,21.0,0.33,2.52,2.37,64.0,0.81,0.0,0.96,0.48,0.0,12.5,0.99,0.7,1.0,0.22,2.78,25.0,0.93,6.0,0.24,19.0,0.75,26.0,1.03,9.0,0.35,0.83,27.0,1.06,13.0,0.51,48.15,0.0,0.0,0.0,0.0,0.0,73.76,24.0,1.44,1.54,39.0,0.0,0.0,0.81,0.87,22.0,1.7,1.81,46.0,0.0,0.0,0.0,0.0,0.0,0.0,0.0,0.0,0.0,0.0,0.0,0.2,0.19,5.0,0.0,8.0,26.0,0.96,1.03,1.89,1.78,48.0,75.0,2.96,13.65,12.81,346.0,178.0,7.02,6.59,51.45,22.0,0.87,22.22,2.0,0.07,0.08,0.0
48,Hugo Alfonso González Durán,33,01/08/1990,Liga MX,2022/2023,Goalkeeper,Mazatlan,Mexico,7.26,2100,884,1216,24,10,14,0,0,0,0,0,0,0,0,4,3,1,36,10,26,5,0,0.0,0.0,0.0,0.0,0.0,0,1.54,58,88,420,0,0.21,7.26,0.0,32.9,32.64,718.0,23.36,514.0,23.55,0.09,2.0,0.0,0.0,0.0,0.0,0.05,3.36,0.0,0.14,5.09,0.0,0.0,0.0,0.18,0.0,0.23,0.0,0.0,0.0,0.0,0.0,0.0,0.0,0.0,0.0,0.0,0.09,4.0,0.18,3.0,0.14,75.0,74.0,3.39,112.0,5.13,66.07,71.59,0.0,0.05,0.05,1.0,0.0,0.0,0.0,0.0,0.0,0.55,0.55,12.0,0.0,0.0,0.0,2.0,0.0,0.0,0.0,0.0,5.0,0.23,0.23,0.0,0.0,0.0,0.0,0.0,2.0,0.09,0.09,0.0,0.0,0.0,5.0,0.23,0.55,0.55,12.0,9.0,0.41,0.41,75.0,1.0,0.05,0.0,0.0,0.0,0.0,0.0
50,Hugo Martín Nervo,33,06/01/1991,Liga MX,2022/2023,Defender,Atlas,Argentina,7.2,2520,1170,1350,28,13,15,0,0,0,0,0,0,0,0,8,7,1,37,13,24,4,0,0.0,0.0,0.0,0.0,0.0,0,1.32,68,90,630,0,0.14,7.2,0.0,51.0,52.89,1428.0,41.78,1128.0,40.29,0.33,9.0,0.04,1.18,1.22,33.0,0.11,0.0,1.44,0.11,0.0,0.0,0.32,0.3,0.11,0.04,3.22,9.0,0.33,1.0,0.04,8.0,0.29,39.0,1.39,1.0,0.04,0.32,3.0,0.11,3.0,0.11,100.0,0.0,0.0,0.0,0.0,0.0,78.99,11.11,0.56,0.54,15.0,0.0,0.0,1.07,1.04,29.0,3.93,3.79,106.0,0.0,0.0,0.0,0.0,0.0,1.0,0.04,0.04,0.0,0.0,0.0,0.04,0.04,1.0,0.0,0.0,13.0,0.48,0.46,0.61,0.63,17.0,87.0,3.11,8.0,8.3,224.0,131.0,4.68,4.85,58.48,3.0,0.11,0.0,0.0,0.0,0.0,0.0
53,Jonathan dos Santos Ramírez,33,26/04/1990,Liga MX,2022/2023,Midfielder,America,Mexico,7.14,2386,1334,1052,32,17,15,0,0,0,1,0,1,0,0,16,9,7,19,10,9,5,0,0.04,0.04,0.0,0.0,0.0,0,0.72,126,75,477,2386,0.19,7.14,0.03,75.96,65.48,1899.0,58.59,1699.0,67.96,0.45,13.0,0.14,2.2,1.9,55.0,0.28,0.0,1.45,0.59,0.0,0.0,0.2,0.07,0.83,0.07,0.55,5.0,0.17,2.0,0.08,2.0,0.08,42.0,1.68,4.0,0.16,0.52,24.0,0.96,17.0,0.68,70.83,0.0,0.0,0.0,0.0,0.0,89.47,40.0,1.24,1.44,36.0,0.0,0.0,0.21,0.24,6.0,0.66,0.76,19.0,0.0,0.0,0.0,0.0,0.0,0.0,0.0,0.0,0.0,0.0,0.0,0.0,0.0,0.0,0.0,0.0,15.0,0.52,0.6,1.04,0.9,26.0,16.0,0.64,7.76,6.69,194.0,98.0,3.92,3.38,50.52,8.0,0.32,50.0,2.0,0.07,0.08,0.0
59,Tiago Luis Volpi,33,19/12/1990,Liga MX,2022/2023,Goalkeeper,Toluca,Brazil,7.23,2520,1260,1260,28,14,14,7,6,1,0,0,0,7,0,8,5,3,31,11,20,3,0,0.25,0.0,0.25,0.43,0.07,360,1.11,81,90,840,0,0.11,7.23,0.0,32.64,32.64,914.0,24.64,690.0,24.64,0.11,3.0,0.0,0.04,0.04,1.0,0.0,3.14,0.0,0.0,4.29,1.0,0.25,0.0,0.04,0.25,0.21,7.0,0.25,7.0,0.25,0.0,0.0,0.0,0.0,0.0,0.0,0.11,1.0,0.04,0.0,0.0,0.0,88.0,3.14,120.0,4.29,73.33,75.49,100.0,0.0,0.0,0.0,7.0,0.0,0.0,0.0,0.0,0.93,0.93,26.0,0.0,0.0,0.0,0.0,7.0,0.0,0.0,0.0,12.0,0.43,0.43,0.0,0.0,0.0,0.0,100.0,2.0,0.07,0.07,0.04,0.04,1.0,6.0,0.21,0.54,0.54,15.0,9.0,0.32,0.32,60.0,0.0,0.0,0.0,0.0,0.0,0.0,0.0
64,Diego Eduardo De Buen Juárez,32,03/07/1991,Liga MX,2022/2023,Midfielder,Puebla,Mexico,7.0,2582,1322,1260,29,15,14,5,2,3,1,1,0,0,0,3,2,1,45,25,20,5,0,0.21,0.03,0.17,0.14,0.21,516,1.57,57,89,516,2582,0.17,7.0,0.03,45.61,45.11,1263.0,38.36,1074.0,38.79,0.96,27.0,0.14,1.88,1.86,52.0,0.43,0.0,1.14,0.43,0.0,5.4,0.98,0.46,0.75,0.5,1.93,27.0,0.96,14.0,0.51,13.0,0.47,32.0,1.16,4.0,0.14,0.98,21.0,0.76,12.0,0.43,57.14,0.0,0.0,0.0,0.0,0.0,85.04,51.85,0.79,0.79,22.0,0.0,0.0,0.57,0.58,16.0,2.11,2.13,59.0,1.0,0.04,0.04,0.0,0.0,1.0,0.04,0.04,0.0,0.0,0.0,0.04,0.04,1.0,0.0,18.52,24.0,0.86,0.87,0.87,0.86,24.0,54.0,1.95,8.7,8.61,241.0,142.0,5.13,5.07,58.92,12.0,0.43,25.0,1.0,0.04,0.04,0.0
65,Dieter Daniel Villalpando Pérez,32,04/08/1991,Liga MX,2022/2023,Midfielder,Juarez,Mexico,7.3,2472,1288,1184,30,16,14,3,1,2,6,5,1,0,0,6,4,2,40,20,20,5,0,0.33,0.22,0.11,0.07,0.15,824,1.46,62,82,494,412,0.18,7.3,0.2,49.37,45.2,1356.0,38.33,1150.0,41.87,1.7,51.0,2.1,1.46,1.33,40.0,1.13,0.0,0.27,1.63,0.0,15.0,1.64,0.77,2.87,0.73,0.17,45.0,1.5,22.0,0.8,23.0,0.84,8.0,0.29,63.0,2.29,1.86,86.0,3.13,49.0,1.78,56.98,0.0,0.0,0.0,0.0,0.0,84.81,48.89,1.03,1.13,31.0,0.0,0.0,0.03,0.04,1.0,0.17,0.18,5.0,0.0,0.0,0.0,0.0,0.0,1.0,0.03,0.04,0.0,0.0,0.0,0.11,0.1,3.0,0.0,6.67,56.0,1.87,2.04,0.58,0.53,16.0,5.0,0.18,10.38,9.5,285.0,150.0,5.46,5.0,52.63,34.0,1.24,30.16,19.0,0.63,0.69,0.0
69,Javier Güemez López,32,17/10/1991,Liga MX,2022/2023,Midfielder,Atletico San Luis,Mexico,7.07,2729,1481,1248,32,17,15,3,2,1,2,2,0,0,0,8,5,3,44,23,21,6,1,0.16,0.07,0.1,0.12,0.07,910,1.45,62,85,455,1365,0.2,7.07,0.06,68.83,65.22,2087.0,55.69,1782.0,58.77,0.97,31.0,0.25,1.78,1.69,54.0,0.78,0.0,0.38,0.62,0.0,7.67,0.76,0.47,1.09,0.25,0.88,23.0,0.72,8.0,0.26,15.0,0.49,12.0,0.4,8.0,0.26,1.02,35.0,1.15,20.0,0.66,57.14,0.0,0.0,0.0,0.0,0.0,85.39,34.78,0.75,0.79,24.0,0.0,0.0,0.41,0.43,13.0,1.16,1.22,37.0,0.0,0.0,0.0,0.0,0.0,2.0,0.06,0.07,0.0,0.0,0.0,0.0,0.0,0.0,0.0,13.04,47.0,1.47,1.55,0.89,0.84,27.0,28.0,0.92,8.81,8.34,267.0,148.0,4.88,4.62,55.43,25.0,0.82,25.0,2.0,0.06,0.07,0.0
73,Julio José González Vela-Alvizu,32,23/04/1991,Liga MX,2022/2023,Goalkeeper,Pumas UNAM,Mexico,7.15,2880,1440,1440,32,16,16,0,0,0,0,0,0,0,0,10,8,2,36,10,26,5,0,0.0,0.0,0.0,0.0,0.0,0,1.13,80,90,576,0,0.16,7.15,0.0,25.97,25.97,831.0,17.03,545.0,17.03,0.09,3.0,0.0,0.03,0.03,1.0,0.03,3.03,0.06,0.03,4.22,0.0,0.0,0.0,0.03,0.0,0.31,0.0,0.0,0.0,0.0,0.0,0.0,2.0,0.06,0.0,0.0,0.09,1.0,0.03,1.0,0.03,100.0,97.0,3.03,135.0,4.22,71.85,65.58,0.0,0.0,0.0,0.0,0.0,0.0,0.0,0.0,0.0,1.47,1.47,47.0,3.0,0.09,0.09,2.0,0.0,0.0,0.0,0.0,16.0,0.5,0.5,0.0,0.0,0.0,0.0,0.0,5.0,0.16,0.16,0.12,0.12,4.0,10.0,0.31,0.72,0.72,23.0,17.0,0.53,0.53,73.91,1.0,0.03,0.0,0.0,0.0,0.0,0.0
83,Carlos Gonzalez Espínola,31,04/02/1993,Liga MX,2022/2023,Forward,Tijuana,Paraguay,7.25,2177,1109,1068,27,14,13,11,8,3,2,1,1,1,0,3,2,1,37,15,22,2,1,0.54,0.08,0.45,0.65,0.25,198,1.53,59,81,726,1089,0.12,7.25,0.07,24.15,21.54,560.0,13.58,353.0,15.22,1.08,28.0,0.15,0.43,0.38,10.0,1.23,0.0,0.15,0.73,0.0,5.09,2.41,0.96,1.81,1.19,4.92,56.0,2.15,31.0,1.34,25.0,1.08,4.0,0.17,4.0,0.17,1.21,47.0,2.03,19.0,0.82,40.43,0.0,0.0,0.0,0.0,0.0,63.04,55.36,0.08,0.09,2.0,1.0,0.0,0.12,0.13,3.0,0.58,0.65,15.0,0.0,0.0,0.0,0.0,1.0,0.0,0.0,0.0,0.0,0.0,0.0,0.26,0.23,6.0,0.0,19.64,34.0,1.31,1.47,0.82,0.73,19.0,128.0,5.52,16.21,14.46,376.0,190.0,8.19,7.31,50.53,32.0,1.38,50.0,2.0,0.08,0.09,0.0
101,Pablo González Díaz,31,07/07/1992,Liga MX,2022/2023,Midfielder,Puebla,Mexico,6.97,2059,1055,1004,27,14,13,2,2,0,0,0,0,0,0,3,2,1,37,23,14,3,0,0.09,0.0,0.09,0.17,0.0,1030,1.62,56,76,686,0,0.13,6.97,0.0,44.27,37.15,966.0,32.12,835.0,38.26,0.5,13.0,0.23,2.34,1.96,51.0,0.31,0.0,1.62,0.19,0.0,7.5,0.69,0.42,0.23,0.15,0.69,15.0,0.58,4.0,0.18,11.0,0.5,42.0,1.92,6.0,0.27,0.6,6.0,0.27,5.0,0.23,83.33,0.0,0.0,0.0,0.0,0.0,86.44,26.67,0.69,0.82,18.0,0.0,0.0,0.62,0.73,16.0,1.46,1.74,38.0,1.0,0.05,0.04,0.0,0.0,0.0,0.0,0.0,0.0,0.0,0.0,0.0,0.0,0.0,0.0,13.33,8.0,0.31,0.37,1.28,1.08,28.0,18.0,0.82,7.01,5.88,153.0,82.0,3.76,3.15,53.59,8.0,0.37,0.0,0.0,0.0,0.0,0.0
116,Gastón Alexis Silva Perdomo,30,05/03/1994,Liga MX,2022/2023,Defender,Puebla,Uruguay,6.88,2523,1263,1260,29,15,14,1,0,1,0,0,0,0,0,3,2,1,44,24,20,6,0,0.04,0.0,0.04,0.0,0.07,2523,1.57,57,87,421,0,0.21,6.88,0.0,50.23,48.5,1358.0,40.89,1145.0,42.36,0.18,5.0,0.29,1.96,1.89,53.0,0.18,0.0,0.75,0.07,0.0,10.0,0.37,0.18,0.14,0.18,1.32,10.0,0.36,5.0,0.18,5.0,0.18,21.0,0.78,8.0,0.3,0.18,4.0,0.15,2.0,0.07,50.0,0.0,0.0,0.0,0.0,0.0,84.32,50.0,1.04,1.07,29.0,0.0,0.0,0.79,0.81,22.0,4.11,4.25,115.0,1.0,0.04,0.04,0.0,0.0,0.0,0.0,0.0,0.0,0.0,0.0,0.04,0.04,1.0,0.0,10.0,5.0,0.18,0.18,0.59,0.57,16.0,37.0,1.37,7.14,6.89,193.0,97.0,3.59,3.46,50.26,5.0,0.18,50.0,4.0,0.14,0.15,0.0
117,Igor Lichnovsky Osorio,30,07/03/1994,Liga MX,2022/2023,Defender,America,Chile,7.12,2016,996,1020,25,13,12,2,0,2,1,1,0,0,0,15,9,6,16,8,8,10,0,0.13,0.04,0.09,0.0,0.18,1008,0.71,126,81,202,2016,0.45,7.12,0.04,49.5,44.52,1024.0,40.52,932.0,45.05,0.22,5.0,0.04,0.87,0.78,18.0,0.09,0.0,1.57,0.17,0.0,5.0,0.48,0.22,0.17,0.22,2.39,10.0,0.43,5.0,0.24,5.0,0.24,36.0,1.74,1.0,0.05,0.24,4.0,0.19,4.0,0.19,100.0,0.0,0.0,0.0,0.0,0.0,91.02,50.0,0.17,0.19,4.0,0.0,0.0,0.48,0.53,11.0,3.52,3.92,81.0,0.0,0.0,0.0,0.0,0.0,0.0,0.0,0.0,0.0,0.0,0.0,0.05,0.04,1.0,0.0,20.0,8.0,0.35,0.39,0.77,0.7,16.0,55.0,2.66,6.67,6.0,138.0,84.0,4.06,3.65,60.87,2.0,0.1,100.0,1.0,0.04,0.05,0.0
121,Jesús Iván Rodríguez Trujillo,30,21/05/1993,Liga MX,2022/2023,Goalkeeper,Puebla,Mexico,7.11,2610,1350,1260,29,15,14,0,0,0,0,0,0,0,0,3,2,1,46,26,20,4,0,0.0,0.0,0.0,0.0,0.0,0,1.59,57,90,653,0,0.14,7.11,0.0,33.04,33.04,925.0,25.61,717.0,25.61,0.04,1.0,0.0,0.0,0.0,0.0,0.0,4.07,0.0,0.0,6.04,0.0,0.0,0.0,0.0,0.0,0.21,0.0,0.0,0.0,0.0,0.0,0.0,0.0,0.0,0.0,0.0,0.04,0.0,0.0,0.0,0.0,0.0,114.0,4.07,169.0,6.04,67.46,77.51,0.0,0.14,0.14,4.0,0.0,0.0,0.0,0.0,0.0,0.64,0.64,18.0,2.0,0.07,0.07,1.0,0.0,0.0,0.0,0.0,9.0,0.32,0.32,0.0,0.0,0.0,0.0,0.0,4.0,0.14,0.14,0.07,0.07,2.0,6.0,0.21,0.71,0.71,20.0,12.0,0.43,0.43,60.0,0.0,0.0,0.0,0.0,0.0,0.0,0.0
124,José Javier Abella Fanjul,30,10/02/1994,Liga MX,2022/2023,Defender,Juarez,Mexico,6.85,2376,1036,1340,27,12,15,0,0,0,0,0,0,0,0,6,5,1,38,14,24,4,0,0.0,0.0,0.0,0.0,0.0,0,1.44,63,88,594,0,0.15,6.85,0.0,38.26,37.41,1010.0,28.93,781.0,29.58,0.67,18.0,2.48,2.12,2.07,56.0,0.26,0.0,1.07,0.15,0.0,0.0,0.42,0.19,0.44,0.22,1.07,11.0,0.41,6.0,0.23,5.0,0.19,29.0,1.1,67.0,2.54,0.68,12.0,0.45,4.0,0.15,33.33,0.0,0.0,0.0,0.0,0.0,77.33,54.55,1.37,1.4,37.0,0.0,0.0,0.15,0.15,4.0,2.44,2.5,66.0,0.0,0.0,0.0,0.0,0.0,1.0,0.04,0.04,0.0,0.0,0.0,0.0,0.0,0.0,1.0,0.0,18.0,0.67,0.68,0.8,0.78,21.0,29.0,1.1,7.77,7.59,205.0,107.0,4.05,3.96,52.2,7.0,0.27,25.37,17.0,0.63,0.64,0.0
125,Kevin Rafael Escamilla Moreno,30,21/02/1994,Liga MX,2022/2023,Midfielder,Queretaro,Mexico,6.77,2143,1049,1094,25,12,13,2,1,1,0,0,0,0,0,5,2,3,32,13,19,6,0,0.08,0.0,0.08,0.09,0.08,1072,1.34,67,86,357,0,0.25,6.77,0.0,27.05,25.76,644.0,20.6,515.0,21.63,0.2,5.0,0.12,1.81,1.72,43.0,0.36,0.0,0.8,0.08,0.0,9.5,0.8,0.52,0.32,0.24,0.84,19.0,0.76,6.0,0.25,13.0,0.55,20.0,0.84,3.0,0.13,0.21,8.0,0.34,2.0,0.08,25.0,0.0,0.0,0.0,0.0,0.0,79.97,31.58,0.96,1.01,24.0,0.0,0.0,0.4,0.42,10.0,1.72,1.81,43.0,0.0,0.0,0.0,0.0,0.0,0.0,0.0,0.0,0.0,0.0,0.0,0.0,0.0,0.0,0.0,10.53,11.0,0.44,0.46,1.34,1.28,32.0,21.0,0.88,7.35,7.0,175.0,77.0,3.23,3.08,44.0,9.0,0.38,0.0,0.0,0.0,0.0,0.0
126,Lisandro Magallán,30,27/09/1993,Liga MX,2022/2023,Defender,Pumas UNAM,Argentina,6.91,2456,1286,1170,28,15,13,1,1,0,0,0,0,0,0,9,7,2,27,7,20,10,1,0.04,0.0,0.04,0.07,0.0,2456,0.99,91,88,223,0,0.4,6.91,0.0,48.44,47.21,1322.0,39.07,1094.0,40.09,0.07,2.0,0.07,1.72,1.68,47.0,0.04,0.0,1.11,0.04,0.0,14.0,0.51,0.36,0.04,0.14,2.5,14.0,0.5,4.0,0.15,10.0,0.37,31.0,1.14,2.0,0.07,0.07,1.0,0.04,1.0,0.04,100.0,0.0,0.0,0.0,0.0,0.0,82.75,28.57,0.29,0.29,8.0,0.0,0.0,0.57,0.59,16.0,3.86,3.96,108.0,1.0,0.04,0.04,0.0,0.0,0.0,0.0,0.0,0.0,0.0,0.0,0.04,0.04,1.0,0.0,7.14,11.0,0.39,0.4,1.72,1.68,47.0,70.0,2.57,8.17,7.96,223.0,128.0,4.69,4.57,57.4,1.0,0.04,0.0,0.0,0.0,0.0,0.0
134,Unai Bilbao Arteta,30,04/02/1994,Liga MX,2022/2023,Defender,Atletico San Luis,Spain,7.2,2252,1133,1119,27,14,13,5,3,2,1,1,0,3,1,7,5,2,36,17,19,3,0,0.24,0.04,0.2,0.24,0.16,450,1.44,63,83,751,2252,0.12,7.2,0.04,56.59,52.44,1416.0,46.85,1265.0,50.56,0.22,6.0,0.04,0.68,0.63,17.0,0.04,0.0,0.59,0.11,0.0,3.8,0.76,0.41,0.19,0.3,2.19,19.0,0.7,8.0,0.32,11.0,0.44,16.0,0.64,1.0,0.04,0.24,5.0,0.2,3.0,0.12,60.0,0.0,0.0,0.0,0.0,0.0,89.34,42.11,0.3,0.32,8.0,3.0,1.0,1.22,1.32,33.0,5.52,5.95,149.0,0.0,0.0,0.0,0.0,4.0,0.0,0.0,0.0,0.0,0.0,0.0,0.04,0.04,1.0,0.0,26.32,11.0,0.41,0.44,0.52,0.48,13.0,59.0,2.36,5.95,5.52,149.0,89.0,3.56,3.3,59.73,1.0,0.04,100.0,1.0,0.04,0.04,0.0
135,Valber Roberto Huerta Jeréz,30,26/08/1993,Liga MX,2022/2023,Defender,Toluca,Chile,7.07,2008,900,1108,23,10,13,0,0,0,1,1,0,0,0,5,2,3,29,10,19,3,0,0.04,0.04,0.0,0.0,0.0,0,1.3,69,87,669,2008,0.13,7.07,0.04,69.43,67.35,1549.0,60.26,1386.0,62.12,0.22,5.0,0.13,1.21,1.17,27.0,0.0,0.0,1.09,0.13,0.0,0.0,0.54,0.43,0.13,0.09,1.61,12.0,0.52,2.0,0.09,10.0,0.45,25.0,1.12,3.0,0.13,0.22,3.0,0.13,3.0,0.13,100.0,0.0,0.0,0.0,0.0,0.0,89.48,16.67,0.39,0.4,9.0,0.0,0.0,0.52,0.54,12.0,3.04,3.14,70.0,1.0,0.04,0.04,0.0,0.0,0.0,0.0,0.0,0.0,0.0,0.0,0.0,0.0,0.0,1.0,0.0,8.0,0.35,0.36,0.4,0.39,9.0,37.0,1.66,5.29,5.13,118.0,74.0,3.32,3.22,62.71,0.0,0.0,33.33,1.0,0.04,0.04,0.0
144,Fernando Gorriarán Fontes,29,27/11/1994,Liga MX,2022/2023,Midfielder,Tigres UANL,Uruguay,6.97,2414,1180,1234,33,16,17,0,0,0,4,1,3,0,0,11,7,4,24,10,14,3,0,0.15,0.15,0.0,0.0,0.0,0,0.89,101,73,805,604,0.11,6.97,0.12,47.34,38.36,1266.0,32.3,1066.0,39.86,1.39,46.0,3.03,1.53,1.24,41.0,0.91,0.0,0.24,0.48,0.0,0.0,0.97,0.52,1.12,0.27,0.61,26.0,0.79,9.0,0.34,17.0,0.64,8.0,0.3,100.0,3.74,1.72,37.0,1.38,16.0,0.6,43.24,0.0,0.0,0.0,0.0,0.0,84.2,34.62,0.7,0.86,23.0,0.0,0.0,0.15,0.19,5.0,0.55,0.67,18.0,0.0,0.0,0.0,0.0,0.0,1.0,0.03,0.04,0.0,0.0,0.0,0.11,0.09,3.0,1.0,0.0,29.0,0.88,1.08,1.42,1.15,38.0,20.0,0.75,8.86,7.18,237.0,106.0,3.96,3.21,44.73,30.0,1.12,23.0,23.0,0.7,0.86,0.0
147,Harold Fabián Preciado Villarreal,29,01/06/1994,Liga MX,2022/2023,Forward,Santos Laguna,Colombia,7.33,2104,1011,1093,25,12,13,16,6,10,3,2,1,5,1,4,2,2,39,14,25,8,0,0.81,0.13,0.68,0.53,0.82,132,1.67,54,84,263,701,0.34,7.33,0.12,21.05,19.68,492.0,14.4,360.0,15.4,1.24,31.0,0.2,0.38,0.36,9.0,1.4,0.0,0.04,0.76,0.0,3.94,2.69,1.16,2.32,1.36,2.2,63.0,2.52,34.0,1.45,29.0,1.24,1.0,0.04,5.0,0.21,1.33,58.0,2.48,19.0,0.81,32.76,0.0,0.0,0.0,0.0,0.0,73.17,53.97,0.12,0.13,3.0,5.0,1.0,0.12,0.13,3.0,0.8,0.86,20.0,0.0,0.0,0.0,0.0,6.0,2.0,0.08,0.09,0.0,0.0,0.0,0.43,0.4,10.0,3.0,25.4,39.0,1.56,1.67,1.11,1.04,26.0,55.0,2.35,12.15,11.36,284.0,121.0,5.18,4.84,42.61,35.0,1.5,20.0,1.0,0.04,0.04,0.0
154,Leonardo Bonatini Lohner Maia,29,28/03/1994,Liga MX,2022/2023,Forward,Atletico San Luis,Brazil,6.74,2021,1124,897,30,15,15,9,7,2,1,1,0,0,0,7,4,3,32,16,16,0,0,0.45,0.04,0.4,0.56,0.2,225,1.43,63,67,0,2021,0.0,6.74,0.03,20.66,15.47,464.0,12.03,361.0,16.08,0.5,15.0,0.07,0.22,0.17,5.0,0.73,0.0,0.13,0.4,0.0,3.33,1.34,0.4,1.1,0.6,0.27,30.0,1.0,18.0,0.8,12.0,0.53,4.0,0.18,2.0,0.09,0.67,33.0,1.47,12.0,0.53,36.36,0.0,0.0,0.0,0.0,0.0,77.8,60.0,0.27,0.36,8.0,0.0,0.0,0.13,0.18,4.0,0.47,0.62,14.0,0.0,0.0,0.0,0.0,0.0,3.0,0.1,0.13,0.0,0.0,0.0,0.31,0.23,7.0,1.0,30.0,25.0,0.83,1.11,0.22,0.17,5.0,8.0,0.36,5.39,4.03,121.0,50.0,2.23,1.67,41.32,22.0,0.98,0.0,0.0,0.0,0.0,0.0
159,Ricardo Chávez Soto,29,19/11/1994,Liga MX,2022/2023,Midfielder,Atletico San Luis,Mexico,7.07,2655,1439,1216,32,17,15,2,2,0,3,2,1,0,0,8,5,3,45,21,24,8,0,0.17,0.1,0.07,0.13,0.0,1328,1.53,59,83,332,885,0.27,7.07,0.09,46.75,43.09,1379.0,36.03,1153.0,39.08,1.03,33.0,2.88,2.0,1.84,59.0,0.81,0.0,0.88,0.62,0.0,11.0,0.75,0.5,1.12,0.19,1.56,22.0,0.69,6.0,0.2,16.0,0.54,28.0,0.95,92.0,3.12,1.12,36.0,1.22,20.0,0.68,55.56,0.0,0.0,0.0,0.0,0.0,83.61,27.27,0.59,0.64,19.0,0.0,0.0,0.38,0.41,12.0,2.25,2.44,72.0,1.0,0.03,0.03,0.0,0.0,0.0,0.0,0.0,0.0,0.0,0.0,0.07,0.06,2.0,0.0,9.09,34.0,1.06,1.15,1.05,0.97,31.0,50.0,1.69,9.83,9.06,290.0,163.0,5.53,5.09,56.21,26.0,0.88,25.0,23.0,0.72,0.78,0.0
160,Rodrigo Dourado Cunha,29,17/06/1994,Liga MX,2022/2023,Midfielder,Atletico San Luis,Brazil,7.06,2759,1422,1337,32,16,16,1,1,0,1,0,1,0,0,8,5,3,45,21,24,7,1,0.07,0.03,0.03,0.06,0.0,2759,1.47,61,86,394,2759,0.23,7.06,0.03,59.37,56.88,1820.0,50.97,1631.0,53.2,0.75,24.0,0.06,2.87,2.75,88.0,0.81,0.0,1.19,0.41,0.0,9.0,0.29,0.12,0.56,0.16,1.06,9.0,0.28,5.0,0.16,4.0,0.13,38.0,1.24,2.0,0.07,0.78,18.0,0.59,13.0,0.42,72.22,0.0,0.0,0.0,0.0,0.0,89.62,55.56,1.19,1.24,38.0,0.0,0.0,0.5,0.52,16.0,1.84,1.92,59.0,1.0,0.03,0.03,0.0,0.0,0.0,0.0,0.0,0.0,0.0,0.0,0.07,0.06,2.0,0.0,11.11,22.0,0.69,0.72,1.24,1.19,38.0,34.0,1.11,9.07,8.69,278.0,156.0,5.09,4.88,56.12,26.0,0.85,0.0,0.0,0.0,0.0,0.0
162,Samir,29,05/12/1994,Liga MX,2022/2023,Defender,Tigres UANL,Brazil,6.9,2063,947,1116,26,13,13,0,0,0,0,0,0,0,0,10,6,4,20,7,13,4,0,0.0,0.0,0.0,0.0,0.0,0,0.87,103,79,516,0,0.17,6.9,0.0,48.95,43.15,1122.0,38.92,1012.0,44.15,0.08,2.0,0.08,1.66,1.46,38.0,0.23,0.0,1.27,0.19,0.0,0.0,0.31,0.15,0.38,0.12,1.38,7.0,0.27,3.0,0.13,4.0,0.17,33.0,1.44,2.0,0.09,0.09,10.0,0.44,5.0,0.22,50.0,0.0,0.0,0.0,0.0,0.0,90.2,42.86,0.42,0.48,11.0,0.0,0.0,0.62,0.7,16.0,2.19,2.49,57.0,0.0,0.0,0.0,0.0,0.0,0.0,0.0,0.0,0.0,0.0,0.0,0.04,0.04,1.0,0.0,0.0,20.0,0.77,0.87,1.22,1.08,28.0,36.0,1.57,7.63,6.73,175.0,99.0,4.32,3.81,56.57,6.0,0.26,50.0,1.0,0.04,0.04,0.0
165,Alexis Francisco Peña López,28,13/01/1996,Liga MX,2022/2023,Defender,Necaxa,Mexico,6.84,2520,1260,1260,28,14,14,2,1,1,0,0,0,0,0,6,4,2,37,14,23,3,0,0.07,0.0,0.07,0.07,0.07,1260,1.32,68,90,840,0,0.11,6.84,0.0,33.18,33.18,929.0,27.36,766.0,27.36,0.07,2.0,0.18,1.07,1.07,30.0,0.07,0.0,1.14,0.04,0.0,4.5,0.32,0.21,0.11,0.11,1.64,9.0,0.32,3.0,0.11,6.0,0.21,32.0,1.14,5.0,0.18,0.07,3.0,0.11,1.0,0.04,33.33,0.0,0.0,0.0,0.0,0.0,82.45,33.33,0.36,0.36,10.0,0.0,0.0,0.54,0.54,15.0,4.57,4.57,128.0,1.0,0.04,0.04,0.0,0.0,2.0,0.07,0.07,0.0,0.0,0.0,0.0,0.0,0.0,0.0,22.22,8.0,0.29,0.29,0.57,0.57,16.0,46.0,1.64,5.04,5.04,141.0,85.0,3.04,3.04,60.28,2.0,0.07,20.0,1.0,0.04,0.04,0.0
170,Christian Hernando Rivera Cuéllar,28,14/01/1996,Liga MX,2022/2023,Midfielder,Tijuana,Colombia,7.31,2371,1249,1122,27,14,13,6,2,4,1,1,0,5,0,3,2,1,37,15,22,9,1,0.27,0.04,0.23,0.14,0.32,395,1.4,64,88,237,2371,0.38,7.31,0.04,54.73,53.35,1387.0,46.88,1219.0,48.1,0.77,20.0,0.0,4.58,4.46,116.0,0.77,0.0,1.35,0.65,0.0,3.33,0.79,0.38,0.96,0.38,1.27,20.0,0.77,10.0,0.39,10.0,0.39,35.0,1.38,0.0,0.0,0.79,25.0,0.99,17.0,0.67,68.0,0.0,0.0,0.0,0.0,0.0,87.89,50.0,1.5,1.54,39.0,4.0,0.0,0.38,0.39,10.0,0.88,0.91,23.0,1.0,0.04,0.04,0.0,4.0,1.0,0.04,0.04,0.0,0.0,0.0,0.0,0.0,0.0,0.0,30.0,40.0,1.54,1.58,2.13,2.08,54.0,33.0,1.3,14.32,13.96,363.0,206.0,8.13,7.92,56.75,20.0,0.79,0.0,0.0,0.0,0.0,1.0
177,Guillermo Martínez Ayala,28,15/03/1995,Liga MX,2022/2023,Forward,Pumas UNAM,Mexico,7.38,2444,1301,1143,29,15,14,17,11,6,1,1,0,2,0,7,5,2,41,20,21,8,0,0.66,0.04,0.63,0.76,0.47,144,1.51,60,84,306,2444,0.29,7.38,0.03,19.44,18.21,528.0,12.38,359.0,13.22,0.93,27.0,0.21,0.55,0.52,15.0,1.69,0.0,0.07,0.52,0.0,4.47,2.8,1.31,1.03,1.31,4.24,76.0,2.62,38.0,1.4,38.0,1.4,2.0,0.07,6.0,0.22,0.99,30.0,1.1,15.0,0.55,50.0,0.0,0.0,0.0,0.0,0.0,67.99,50.0,0.24,0.26,7.0,2.0,0.0,0.1,0.11,3.0,0.76,0.81,22.0,0.0,0.0,0.0,0.0,2.0,3.0,0.1,0.11,0.0,0.0,0.0,0.22,0.21,6.0,1.0,22.37,45.0,1.55,1.66,1.84,1.72,50.0,123.0,4.53,14.51,13.59,394.0,197.0,7.25,6.79,50.0,49.0,1.8,0.0,0.0,0.0,0.0,1.0
178,Gustavo Henrique Ferrareis,28,02/01/1996,Liga MX,2022/2023,Midfielder,Puebla,Brazil,6.77,2277,1261,1016,27,15,12,0,0,0,1,0,1,0,0,3,2,1,40,23,17,7,1,0.04,0.04,0.0,0.0,0.0,0,1.58,57,84,285,2277,0.32,6.77,0.04,37.44,35.04,911.0,28.69,746.0,30.66,0.73,19.0,3.08,2.01,1.88,49.0,0.65,0.0,0.77,0.69,0.0,0.0,0.66,0.46,1.38,0.15,0.81,16.0,0.62,4.0,0.16,12.0,0.49,20.0,0.82,80.0,3.29,0.78,36.0,1.48,18.0,0.74,50.0,0.0,0.0,0.0,0.0,0.0,81.89,25.0,0.96,1.03,25.0,0.0,0.0,0.15,0.16,4.0,1.46,1.56,38.0,0.0,0.0,0.0,0.0,0.0,0.0,0.0,0.0,0.0,0.0,0.0,0.04,0.04,1.0,0.0,0.0,36.0,1.38,1.48,1.23,1.15,30.0,21.0,0.86,9.53,8.92,232.0,124.0,5.1,4.77,53.45,17.0,0.7,27.5,22.0,0.85,0.9,0.0
180,Jhon Eduard Murillo Romaña,28,21/11/1995,Liga MX,2022/2023,Forward,Atlas,Venezuela,7.12,2013,1131,882,29,17,12,1,1,0,2,1,1,0,0,7,6,1,30,16,14,3,0,0.13,0.09,0.04,0.08,0.0,2013,1.34,67,69,671,1007,0.13,7.12,0.07,28.79,23.0,644.0,18.93,530.0,23.7,1.07,30.0,1.18,0.89,0.71,20.0,0.75,0.0,0.29,1.25,0.0,22.0,0.98,0.5,2.14,0.29,0.57,22.0,0.79,8.0,0.36,14.0,0.63,8.0,0.36,33.0,1.48,1.34,60.0,2.68,35.0,1.56,58.33,0.0,0.0,0.0,0.0,0.0,82.3,36.36,0.57,0.72,16.0,0.0,0.0,0.04,0.04,1.0,0.25,0.31,7.0,0.0,0.0,0.0,0.0,0.0,0.0,0.0,0.0,0.0,0.0,0.0,0.36,0.29,8.0,3.0,4.55,34.0,1.21,1.52,0.89,0.71,20.0,16.0,0.72,9.52,7.61,213.0,106.0,4.74,3.79,49.77,21.0,0.94,33.33,11.0,0.39,0.49,0.0
198,Ulises Rivas Gilio,28,25/01/1996,Liga MX,2022/2023,Midfielder,Pumas UNAM,Mexico,6.87,2295,1080,1215,30,14,16,5,2,3,1,1,0,0,0,8,6,2,32,8,24,5,0,0.24,0.04,0.2,0.17,0.22,459,1.25,72,77,459,2295,0.2,6.87,0.03,27.02,22.97,689.0,18.87,566.0,22.2,0.37,11.0,0.4,1.96,1.67,50.0,0.5,0.0,0.4,0.17,0.0,4.6,0.9,0.47,0.33,0.3,0.63,23.0,0.77,9.0,0.35,14.0,0.55,12.0,0.47,12.0,0.47,0.43,10.0,0.39,5.0,0.2,50.0,0.0,0.0,0.0,0.0,0.0,82.15,39.13,1.07,1.25,32.0,0.0,0.0,0.37,0.43,11.0,1.1,1.29,33.0,0.0,0.0,0.0,0.0,0.0,0.0,0.0,0.0,0.0,0.0,0.0,0.04,0.03,1.0,0.0,21.74,15.0,0.5,0.59,1.22,1.03,31.0,19.0,0.75,7.57,6.43,193.0,89.0,3.49,2.97,46.11,15.0,0.59,33.33,4.0,0.13,0.16,0.0
204,Bryan Eduardo Garnica Cortez,27,27/05/1996,Liga MX,2022/2023,Forward,Necaxa,Mexico,7.19,2244,1107,1137,28,14,14,1,1,0,6,3,3,0,0,6,4,2,34,12,22,4,0,0.28,0.24,0.04,0.08,0.0,2244,1.36,66,80,561,374,0.16,7.19,0.21,23.46,20.89,585.0,15.71,440.0,17.65,2.07,58.0,6.68,1.48,1.32,37.0,1.0,0.0,0.79,1.11,0.0,10.5,0.84,0.5,1.93,0.25,0.57,21.0,0.75,7.0,0.28,14.0,0.56,22.0,0.88,187.0,7.5,2.33,54.0,2.17,31.0,1.24,57.41,0.0,0.0,0.0,0.0,0.0,75.21,33.33,0.79,0.88,22.0,0.0,0.0,0.25,0.28,7.0,0.64,0.72,18.0,0.0,0.0,0.0,0.0,0.0,2.0,0.07,0.08,0.0,0.0,0.0,0.32,0.29,8.0,0.0,9.52,31.0,1.11,1.24,0.36,0.32,9.0,16.0,0.64,8.98,8.0,224.0,115.0,4.61,4.11,51.34,28.0,1.12,35.29,66.0,2.36,2.65,0.0
207,Carlos Alberto Rodríguez Gómez,27,03/01/1997,Liga MX,2022/2023,Forward,Cruz Azul,Mexico,7.16,2015,1050,965,24,13,11,1,0,1,2,0,2,0,0,7,6,1,22,12,10,7,1,0.13,0.09,0.04,0.0,0.09,2015,0.98,92,84,252,1008,0.36,7.16,0.08,62.98,58.57,1347.0,50.7,1166.0,54.51,1.78,41.0,3.78,1.5,1.39,32.0,0.7,0.0,0.83,0.83,0.0,18.0,0.84,0.3,1.57,0.48,0.17,18.0,0.78,11.0,0.51,7.0,0.33,19.0,0.89,87.0,4.07,1.92,36.0,1.68,19.0,0.89,52.78,0.0,0.0,0.0,0.0,0.0,86.56,61.11,1.22,1.31,28.0,0.0,0.0,0.0,0.0,0.0,0.17,0.19,4.0,0.0,0.0,0.0,0.0,0.0,0.0,0.0,0.0,0.0,0.0,0.0,0.0,0.0,0.0,0.0,5.56,27.0,1.17,1.26,1.17,1.09,25.0,4.0,0.19,8.46,7.87,181.0,82.0,3.83,3.57,45.3,16.0,0.75,32.18,28.0,1.22,1.31,0.0
222,Jefferson Alfredo Intriago Mendoza,27,04/06/1996,Liga MX,2022/2023,Midfielder,Mazatlan,Ecuador,6.81,2465,1205,1260,28,14,14,1,1,0,2,1,1,0,0,5,4,1,42,16,26,5,0,0.11,0.07,0.04,0.07,0.0,2465,1.53,59,88,493,1233,0.18,6.81,0.07,52.15,50.88,1272.0,46.8,1170.0,47.97,0.6,15.0,0.28,1.27,1.24,31.0,0.96,0.0,0.44,0.84,0.0,14.0,0.57,0.32,1.64,0.24,0.56,14.0,0.56,6.0,0.25,8.0,0.33,11.0,0.45,7.0,0.29,0.62,41.0,1.68,21.0,0.86,51.22,0.0,0.0,0.0,0.0,0.0,91.98,42.86,0.88,0.9,22.0,0.0,0.0,0.12,0.12,3.0,0.68,0.7,17.0,1.0,0.04,0.04,0.0,0.0,0.0,0.0,0.0,0.0,0.0,0.0,0.0,0.0,0.0,0.0,7.14,35.0,1.4,1.44,0.86,0.84,21.0,14.0,0.57,8.12,7.92,198.0,101.0,4.14,4.04,51.01,24.0,0.98,28.57,2.0,0.08,0.08,0.0
229,Luis Ángel Malagón Velázquez,27,02/03/1997,Liga MX,2022/2023,Goalkeeper,America,Mexico,7.27,2656,1260,1396,30,14,16,0,0,0,0,0,0,0,0,15,7,8,22,12,10,2,0,0.0,0.0,0.0,0.0,0.0,0,0.75,121,89,1328,0,0.07,7.27,0.0,27.3,27.81,751.0,19.44,525.0,19.08,0.0,0.0,0.0,0.0,0.0,0.0,0.04,2.33,0.0,0.0,3.15,0.0,0.0,0.0,0.0,0.0,0.33,0.0,0.0,0.0,0.0,0.0,0.0,0.0,0.0,0.0,0.0,0.0,0.0,0.0,0.0,0.0,0.0,63.0,2.29,85.0,3.09,74.12,69.91,0.0,0.0,0.0,0.0,0.0,0.0,0.0,0.0,0.0,0.67,0.65,18.0,0.0,0.0,0.0,0.0,0.0,0.0,0.0,0.0,12.0,0.44,0.44,0.0,0.0,0.0,0.0,0.0,8.0,0.3,0.29,0.0,0.0,0.0,9.0,0.33,0.58,0.59,16.0,15.0,0.55,0.56,93.75,1.0,0.04,0.0,0.0,0.0,0.0,0.0
233,Osvaldo Rodríguez del Portal,27,10/09/1996,Liga MX,2022/2023,Defender,Leon,Mexico,6.95,2082,992,1090,29,14,15,1,1,0,2,0,2,0,0,6,4,2,27,10,17,6,0,0.13,0.09,0.04,0.09,0.0,2082,1.17,77,72,347,1041,0.26,6.95,0.07,38.33,30.0,810.0,26.04,703.0,33.26,0.44,12.0,1.11,2.79,2.19,59.0,0.26,0.0,0.96,0.26,0.0,11.0,0.52,0.26,0.59,0.15,1.0,11.0,0.41,4.0,0.19,7.0,0.33,26.0,1.23,30.0,1.42,0.57,16.0,0.76,7.0,0.33,43.75,0.0,0.0,0.0,0.0,0.0,86.79,36.36,0.52,0.66,14.0,0.0,0.0,0.37,0.47,10.0,2.0,2.56,54.0,0.0,0.0,0.0,0.0,0.0,0.0,0.0,0.0,0.0,0.0,0.0,0.14,0.11,3.0,0.0,9.09,16.0,0.59,0.76,1.23,0.96,26.0,27.0,1.28,8.85,6.93,187.0,109.0,5.16,4.04,58.29,7.0,0.33,20.0,6.0,0.22,0.28,0.0
243,Willer Emilio Ditta Pérez,27,23/01/1997,Liga MX,2022/2023,Defender,Cruz Azul,Colombia,6.91,2016,1057,959,23,12,11,1,1,0,0,0,0,0,0,6,5,1,26,16,10,9,2,0.04,0.0,0.04,0.09,0.0,2016,1.16,78,88,183,0,0.49,6.91,0.0,59.29,57.74,1328.0,49.83,1146.0,51.16,0.22,5.0,0.39,1.61,1.57,36.0,0.39,0.0,1.22,0.57,0.0,9.0,0.4,0.26,0.74,0.13,0.96,9.0,0.39,3.0,0.13,6.0,0.27,28.0,1.25,9.0,0.4,0.22,17.0,0.76,13.0,0.58,76.47,0.0,0.0,0.0,0.0,0.0,86.3,33.33,0.65,0.67,15.0,0.0,0.0,0.57,0.58,13.0,1.96,2.01,45.0,1.0,0.04,0.04,0.0,0.0,0.0,0.0,0.0,0.0,0.0,0.0,0.04,0.04,1.0,0.0,11.11,12.0,0.52,0.54,1.07,1.04,24.0,22.0,0.98,7.68,7.48,172.0,83.0,3.71,3.61,48.26,9.0,0.4,22.22,2.0,0.09,0.09,0.0
245,Alan Jhosué Cervantes Marín del Campo,26,17/01/1998,Liga MX,2022/2023,Midfielder,Santos Laguna,Mexico,6.84,2406,1159,1247,30,15,15,1,0,1,1,1,0,0,0,6,4,2,43,16,27,5,0,0.07,0.04,0.04,0.0,0.07,2406,1.61,56,80,481,2406,0.19,6.84,0.03,39.61,35.3,1059.0,31.27,938.0,35.09,0.53,16.0,0.57,1.38,1.23,37.0,0.4,0.0,0.67,0.43,0.0,22.0,0.82,0.57,0.8,0.17,1.1,22.0,0.73,5.0,0.19,17.0,0.64,20.0,0.75,17.0,0.64,0.6,24.0,0.9,13.0,0.49,54.17,0.0,0.0,0.0,0.0,0.0,88.57,22.73,0.8,0.9,24.0,0.0,0.0,0.3,0.34,9.0,0.9,1.01,27.0,1.0,0.04,0.03,0.0,0.0,1.0,0.03,0.04,0.0,0.0,0.0,0.0,0.0,0.0,0.0,4.55,33.0,1.1,1.23,0.75,0.67,20.0,33.0,1.23,8.12,7.23,217.0,115.0,4.3,3.83,53.0,12.0,0.45,29.41,5.0,0.17,0.19,0.0
247,Alan Mozo Rodríguez,26,05/04/1997,Liga MX,2022/2023,Defender,Guadalajara,Mexico,7.0,2301,1197,1104,27,14,13,0,0,0,2,1,1,0,0,7,5,2,30,13,17,4,0,0.08,0.08,0.0,0.0,0.0,0,1.17,77,85,575,1151,0.16,7.0,0.07,38.67,36.54,950.0,29.0,754.0,30.69,1.0,26.0,4.58,3.38,3.19,83.0,0.88,0.0,0.85,1.5,0.0,0.0,0.45,0.38,3.04,0.04,0.69,11.0,0.42,1.0,0.04,10.0,0.41,22.0,0.9,119.0,4.84,1.06,79.0,3.22,39.0,1.59,49.37,0.0,0.0,0.0,0.0,0.0,79.37,9.09,0.77,0.81,20.0,0.0,0.0,0.19,0.2,5.0,1.08,1.14,28.0,1.0,0.04,0.04,0.0,0.0,1.0,0.04,0.04,0.0,0.0,0.0,0.04,0.04,1.0,1.0,0.0,24.0,0.92,0.98,1.06,1.0,26.0,18.0,0.73,11.8,11.15,290.0,163.0,6.64,6.27,56.21,23.0,0.94,24.37,29.0,1.12,1.18,0.0
251,Álvaro Fidalgo Fernández,26,09/04/1997,Liga MX,2022/2023,Midfielder,America,Spain,7.78,2483,1223,1260,30,16,14,2,1,1,5,2,3,0,0,17,10,7,20,10,10,1,0,0.25,0.18,0.07,0.07,0.07,1242,0.72,124,83,2483,497,0.04,7.78,0.17,83.51,79.15,2137.0,68.74,1856.0,72.53,1.37,37.0,1.26,1.33,1.26,34.0,1.0,0.0,0.81,1.26,0.0,9.5,0.74,0.33,1.96,0.37,0.33,19.0,0.7,10.0,0.39,9.0,0.35,22.0,0.86,34.0,1.33,1.45,53.0,2.07,34.0,1.33,64.15,0.0,0.0,0.0,0.0,0.0,86.85,52.63,0.89,0.94,24.0,0.0,0.0,0.22,0.23,6.0,0.33,0.35,9.0,0.0,0.0,0.0,0.0,0.0,1.0,0.04,0.04,0.0,0.0,0.0,0.0,0.0,0.0,0.0,10.53,39.0,1.44,1.52,0.23,0.22,6.0,9.0,0.35,7.85,7.44,201.0,116.0,4.53,4.3,57.71,27.0,1.06,23.53,8.0,0.3,0.31,0.0
252,Andrés Eduardo Sánchez Rodríguez,26,03/10/1997,Liga MX,2022/2023,Goalkeeper,Atletico San Luis,Mexico,6.88,2070,1080,990,23,12,11,0,0,0,0,0,0,0,0,5,3,2,34,16,18,0,0,0.0,0.0,0.0,0.0,0.0,0,1.48,61,90,0,0,0.0,6.88,0.0,25.38,25.38,609.0,21.5,516.0,21.5,0.0,0.0,0.0,0.08,0.08,2.0,0.0,2.88,0.04,0.0,4.67,0.0,0.0,0.0,0.0,0.0,0.62,0.0,0.0,0.0,0.0,0.0,0.0,1.0,0.04,0.0,0.0,0.0,0.0,0.0,0.0,0.0,0.0,69.0,2.88,112.0,4.67,61.61,84.73,0.0,0.08,0.08,2.0,0.0,0.0,0.0,0.0,0.0,1.21,1.21,29.0,0.0,0.0,0.0,0.0,0.0,0.0,0.0,0.0,14.0,0.58,0.58,0.04,0.04,1.0,0.0,0.0,6.0,0.25,0.25,0.0,0.0,0.0,15.0,0.62,0.96,0.96,23.0,20.0,0.83,0.83,86.96,0.0,0.0,0.0,0.0,0.0,0.0,0.0
254,Brian Alberto García Carpizo,26,31/10/1997,Liga MX,2022/2023,Midfielder,Toluca,Mexico,7.1,2139,1107,1032,27,14,13,1,0,1,2,2,0,0,0,7,5,2,26,9,17,4,0,0.13,0.08,0.04,0.0,0.09,2139,1.09,82,79,535,1070,0.17,7.1,0.07,53.1,46.74,1262.0,40.0,1080.0,45.44,0.85,23.0,2.11,1.51,1.33,36.0,0.48,0.0,1.07,0.48,0.0,20.0,0.84,0.41,1.11,0.33,0.41,20.0,0.74,9.0,0.38,11.0,0.46,29.0,1.22,57.0,2.4,0.97,30.0,1.26,13.0,0.55,43.33,0.0,0.0,0.0,0.0,0.0,85.58,45.0,0.74,0.84,20.0,0.0,0.0,0.26,0.29,7.0,1.41,1.6,38.0,1.0,0.04,0.04,0.0,0.0,3.0,0.11,0.13,0.0,0.0,0.0,0.0,0.0,0.0,0.0,5.0,11.0,0.41,0.46,0.88,0.78,21.0,11.0,0.46,6.44,5.67,153.0,71.0,2.99,2.63,46.41,13.0,0.55,19.3,11.0,0.41,0.46,0.0
255,Carlos Agustín Moreno,26,29/01/1998,Liga MX,2022/2023,Goalkeeper,Pachuca,Mexico,6.9,2070,990,1080,23,11,12,0,0,0,0,0,0,0,0,5,1,4,34,15,19,3,0,0.0,0.0,0.0,0.0,0.0,0,1.48,61,90,690,0,0.13,6.9,0.0,25.0,25.0,575.0,14.35,330.0,14.35,0.09,2.0,0.0,0.04,0.04,1.0,0.0,3.17,0.04,0.04,4.78,0.0,0.0,0.0,0.09,0.0,0.3,0.0,0.0,0.0,0.0,0.0,0.0,1.0,0.04,0.0,0.0,0.09,2.0,0.09,1.0,0.04,50.0,73.0,3.17,110.0,4.78,66.36,57.39,0.0,0.09,0.09,2.0,0.0,0.0,0.0,0.0,0.0,0.83,0.83,19.0,1.0,0.04,0.04,0.0,0.0,0.0,0.0,0.0,12.0,0.52,0.52,0.0,0.0,0.0,0.0,0.0,3.0,0.13,0.13,0.04,0.04,1.0,7.0,0.3,0.7,0.7,16.0,11.0,0.48,0.48,68.75,0.0,0.0,0.0,0.0,0.0,0.0,0.0
257,Carlos Uriel Antuna Romero,26,21/08/1997,Liga MX,2022/2023,Forward,Cruz Azul,Mexico,7.35,2171,1115,1056,25,13,12,10,6,4,6,5,1,2,0,7,6,1,28,16,12,4,0,0.66,0.25,0.41,0.48,0.34,217,1.16,78,87,543,362,0.17,7.35,0.24,29.75,28.67,688.0,22.92,550.0,23.79,1.62,39.0,4.04,0.48,0.46,11.0,0.88,0.0,0.33,0.79,0.0,4.1,1.77,0.75,1.58,0.96,0.42,41.0,1.71,23.0,0.99,18.0,0.78,8.0,0.35,97.0,4.2,1.69,38.0,1.64,19.0,0.82,50.0,0.0,0.0,0.0,0.0,0.0,79.94,56.1,0.21,0.22,5.0,2.0,0.0,0.04,0.04,1.0,0.17,0.17,4.0,0.0,0.0,0.0,0.0,2.0,0.0,0.0,0.0,0.0,0.0,0.0,0.48,0.46,11.0,2.0,24.39,30.0,1.25,1.3,0.48,0.46,11.0,10.0,0.43,6.14,5.92,142.0,70.0,3.03,2.92,49.3,21.0,0.91,25.77,25.0,1.04,1.08,0.0
261,Emanuel Gularte Méndez,26,30/09/1997,Liga MX,2022/2023,Defender,Queretaro,Uruguay,6.87,2520,1260,1260,28,14,14,2,2,0,2,0,2,0,0,6,2,4,38,15,23,6,0,0.14,0.07,0.07,0.14,0.0,1260,1.36,66,90,420,1260,0.21,6.87,0.07,27.54,27.54,771.0,20.0,560.0,20.0,0.18,5.0,0.29,1.68,1.68,47.0,0.18,0.0,1.14,0.25,0.0,9.5,0.68,0.43,0.36,0.25,2.57,19.0,0.68,7.0,0.25,12.0,0.43,32.0,1.14,8.0,0.29,0.18,10.0,0.36,7.0,0.25,70.0,0.0,0.0,0.0,0.0,0.0,72.63,36.84,0.36,0.36,10.0,0.0,0.0,0.57,0.57,16.0,4.46,4.46,125.0,1.0,0.04,0.04,0.0,0.0,1.0,0.04,0.04,0.0,0.0,0.0,0.04,0.04,1.0,0.0,10.53,14.0,0.5,0.5,1.11,1.11,31.0,72.0,2.57,8.93,8.93,250.0,140.0,5.0,5.0,56.0,5.0,0.18,12.5,1.0,0.04,0.04,0.0
266,Jesús Alberto Angulo Uriarte,26,30/01/1998,Liga MX,2022/2023,Defender,Tigres UANL,Mexico,6.96,2681,1361,1320,32,16,16,3,1,2,0,0,0,0,0,11,7,4,24,11,13,9,0,0.1,0.0,0.1,0.07,0.14,894,0.81,112,84,298,0,0.3,6.96,0.0,47.1,43.84,1403.0,36.44,1166.0,39.14,0.72,23.0,1.12,2.35,2.19,70.0,0.28,0.0,0.97,0.16,0.0,5.33,0.54,0.31,0.59,0.19,1.09,16.0,0.5,6.0,0.2,10.0,0.34,31.0,1.04,36.0,1.21,0.77,19.0,0.64,5.0,0.17,26.32,0.0,0.0,0.0,0.0,0.0,83.11,37.5,0.69,0.74,22.0,0.0,0.0,0.25,0.27,8.0,1.78,1.91,57.0,1.0,0.03,0.03,0.0,0.0,0.0,0.0,0.0,0.0,0.0,0.0,0.1,0.09,3.0,0.0,18.75,34.0,1.06,1.14,1.24,1.16,37.0,35.0,1.17,8.22,7.66,245.0,143.0,4.8,4.47,58.37,9.0,0.3,33.33,12.0,0.38,0.4,0.0
274,Juan Francisco Brunetta,26,12/05/1997,Liga MX,2022/2023,Midfielder,Tigres UANL,Argentina,7.93,2386,1191,1195,29,14,15,13,6,7,13,6,7,0,0,5,3,2,36,14,22,5,0,0.98,0.49,0.49,0.45,0.53,184,1.36,66,82,477,184,0.19,7.93,0.45,37.19,34.0,986.0,28.07,814.0,30.7,3.17,92.0,5.79,0.83,0.76,22.0,2.31,0.0,0.21,2.52,0.0,5.38,2.64,1.24,4.0,1.17,0.28,70.0,2.41,34.0,1.28,36.0,1.36,6.0,0.23,168.0,6.34,3.47,116.0,4.38,73.0,2.75,62.93,0.0,0.0,0.0,0.0,0.0,82.56,48.57,0.28,0.3,8.0,0.0,2.0,0.0,0.0,0.0,0.24,0.26,7.0,0.0,0.0,0.0,0.0,2.0,4.0,0.14,0.15,0.0,0.0,0.0,0.08,0.07,2.0,0.0,18.57,47.0,1.62,1.77,0.68,0.62,18.0,8.0,0.3,11.58,10.59,307.0,150.0,5.66,5.17,48.86,67.0,2.53,32.74,55.0,1.9,2.07,0.0
276,Julián Andrés Quiñones Quiñones,26,24/03/1997,Liga MX,2022/2023,Forward,America,Colombia,7.63,2244,1235,1009,30,17,13,14,9,5,7,7,0,3,0,15,10,5,22,11,11,3,0,0.84,0.28,0.56,0.66,0.45,160,0.88,102,75,748,321,0.12,7.63,0.23,30.21,25.93,726.0,19.96,559.0,23.26,1.29,36.0,0.71,0.58,0.5,14.0,1.96,0.0,0.32,1.21,0.0,5.5,3.2,1.32,2.43,1.43,0.82,77.0,2.75,40.0,1.66,37.0,1.54,9.0,0.37,20.0,0.83,1.5,68.0,2.83,34.0,1.41,50.0,0.0,0.0,0.0,0.0,0.0,77.0,51.95,0.25,0.29,7.0,3.0,0.0,0.14,0.17,4.0,0.32,0.37,9.0,0.0,0.0,0.0,0.0,3.0,3.0,0.11,0.12,0.0,0.0,0.0,0.79,0.68,19.0,1.0,18.18,40.0,1.43,1.66,1.21,1.04,29.0,23.0,0.96,11.15,9.57,268.0,108.0,4.49,3.86,40.3,55.0,2.29,20.0,4.0,0.14,0.17,0.0
277,Kevin Alexander Balanta Lucumí,26,28/04/1997,Liga MX,2022/2023,Defender,Tijuana,Colombia,6.87,2169,1080,1089,25,12,13,0,0,0,0,0,0,0,0,3,2,1,30,11,19,6,1,0.0,0.0,0.0,0.0,0.0,0,1.24,72,87,362,0,0.25,6.87,0.0,47.97,46.17,1108.0,37.96,911.0,39.44,0.25,6.0,0.12,1.82,1.75,42.0,0.21,0.0,1.54,0.33,0.0,0.0,0.3,0.25,0.42,0.04,1.08,7.0,0.29,1.0,0.04,6.0,0.26,37.0,1.6,3.0,0.13,0.26,10.0,0.43,8.0,0.35,80.0,0.0,0.0,0.0,0.0,0.0,82.22,14.29,0.38,0.39,9.0,0.0,0.0,0.58,0.61,14.0,3.29,3.42,79.0,1.0,0.04,0.04,0.0,0.0,0.0,0.0,0.0,0.0,0.0,0.0,0.0,0.0,0.0,0.0,0.0,12.0,0.5,0.52,1.21,1.17,28.0,26.0,1.13,7.06,6.79,163.0,88.0,3.81,3.67,53.99,5.0,0.22,33.33,1.0,0.04,0.04,0.0
278,Kevin Andrés Velasco Bonilla,26,30/04/1997,Liga MX,2022/2023,Defender,Puebla,Colombia,6.94,2149,1132,1017,28,14,14,2,1,1,4,4,0,0,0,3,2,1,37,22,15,8,0,0.25,0.17,0.08,0.08,0.09,1075,1.55,58,77,269,537,0.34,6.94,0.14,31.12,26.37,712.0,22.41,605.0,26.44,1.41,38.0,3.85,1.22,1.04,28.0,0.96,0.0,0.3,1.37,0.0,15.5,1.36,0.56,2.41,0.59,0.3,31.0,1.15,16.0,0.7,15.0,0.66,8.0,0.35,104.0,4.55,1.66,65.0,2.84,37.0,1.62,56.92,0.0,0.0,0.0,0.0,0.0,84.97,51.61,0.67,0.79,18.0,0.0,0.0,0.04,0.04,1.0,0.07,0.09,2.0,0.0,0.0,0.0,0.0,0.0,0.0,0.0,0.0,0.0,0.0,0.0,0.09,0.07,2.0,0.0,6.45,29.0,1.07,1.27,1.66,1.41,38.0,8.0,0.35,9.88,8.37,226.0,102.0,4.46,3.78,45.13,26.0,1.14,25.96,27.0,1.0,1.18,0.0
282,Nathan Silva,26,06/05/1997,Liga MX,2022/2023,Defender,Pumas UNAM,Brazil,7.02,2570,1310,1260,29,15,14,2,1,1,1,1,0,0,0,10,8,2,29,7,22,13,1,0.11,0.04,0.07,0.07,0.07,1285,1.02,89,89,184,2570,0.49,7.02,0.03,47.56,46.83,1358.0,39.45,1144.0,40.06,0.17,5.0,0.1,1.68,1.66,48.0,0.28,0.0,1.1,0.17,0.0,6.5,0.46,0.28,0.24,0.17,1.72,13.0,0.45,5.0,0.18,8.0,0.28,32.0,1.12,3.0,0.11,0.18,7.0,0.25,5.0,0.18,71.43,0.0,0.0,0.0,0.0,0.0,84.24,38.46,0.52,0.53,15.0,0.0,0.0,0.9,0.91,26.0,3.59,3.64,104.0,1.0,0.04,0.03,0.0,0.0,0.0,0.0,0.0,0.0,0.0,0.0,0.0,0.0,0.0,0.0,15.38,10.0,0.34,0.35,1.05,1.03,30.0,50.0,1.75,7.6,7.48,217.0,112.0,3.92,3.86,51.61,8.0,0.28,66.67,2.0,0.07,0.07,0.0
292,Leon Adonis Uriel Frías,25,17/03/1998,Liga MX,2022/2023,Defender,Leon,Argentina,7.01,2790,1440,1350,31,16,15,1,1,0,0,0,0,0,0,6,4,2,43,16,27,10,0,0.03,0.0,0.03,0.06,0.0,2790,1.39,65,90,279,0,0.32,7.01,0.0,49.28,49.28,1429.0,42.52,1233.0,42.52,0.38,11.0,0.48,1.72,1.72,50.0,0.21,0.0,1.34,0.24,0.0,26.0,0.9,0.69,0.31,0.21,2.0,26.0,0.9,6.0,0.21,20.0,0.69,39.0,1.34,14.0,0.48,0.38,9.0,0.31,7.0,0.24,77.78,0.0,0.0,0.0,0.0,0.0,86.28,23.08,0.62,0.62,18.0,0.0,0.0,0.9,0.9,26.0,2.66,2.66,77.0,2.0,0.07,0.07,0.0,0.0,1.0,0.03,0.03,0.0,0.0,0.0,0.07,0.07,2.0,0.0,3.85,12.0,0.41,0.41,0.66,0.66,19.0,58.0,2.0,6.76,6.76,196.0,122.0,4.21,4.21,62.24,6.0,0.21,28.57,4.0,0.14,0.14,0.0
308,Facundo Ezequiel Almada,25,10/07/1998,Liga MX,2022/2023,Defender,Mazatlan,Argentina,6.93,2610,1260,1350,29,14,15,2,2,0,0,0,0,0,0,5,4,1,45,17,28,5,0,0.07,0.0,0.07,0.14,0.0,1305,1.55,58,90,522,0,0.17,6.93,0.0,45.0,45.0,1170.0,37.85,984.0,37.85,0.23,6.0,0.12,1.23,1.23,32.0,0.08,0.0,0.96,0.15,0.0,8.0,0.62,0.38,0.15,0.23,1.69,16.0,0.62,6.0,0.23,10.0,0.38,25.0,0.96,3.0,0.12,0.23,4.0,0.15,4.0,0.15,100.0,0.0,0.0,0.0,0.0,0.0,84.1,37.5,0.5,0.5,13.0,0.0,0.0,0.85,0.85,22.0,2.85,2.85,74.0,1.0,0.04,0.04,0.0,0.0,0.0,0.0,0.0,0.0,0.0,0.0,0.04,0.04,1.0,0.0,12.5,5.0,0.19,0.19,0.58,0.58,15.0,44.0,1.69,5.35,5.35,139.0,84.0,3.23,3.23,60.43,2.0,0.08,33.33,1.0,0.04,0.04,0.0
309,Federico Sebastián Viñas Barboza,25,30/06/1998,Liga MX,2022/2023,Forward,Leon,Uruguay,7.53,2056,988,1068,27,12,15,14,5,9,4,2,2,2,0,4,2,2,33,11,22,5,0,0.79,0.18,0.61,0.46,0.76,147,1.44,62,76,411,514,0.22,7.53,0.15,15.5,12.92,323.0,8.44,211.0,10.12,1.36,34.0,0.0,1.15,0.96,24.0,0.96,0.04,0.36,0.76,0.04,4.64,3.12,1.44,1.76,1.16,2.96,65.0,2.6,29.0,1.39,36.0,1.73,9.0,0.43,0.0,0.0,1.63,44.0,2.11,19.0,0.91,43.18,1.0,0.05,1.0,0.05,100.0,65.33,44.62,0.12,0.14,3.0,2.0,0.0,0.24,0.29,6.0,0.84,1.01,21.0,0.0,0.0,0.0,0.0,2.0,3.0,0.12,0.14,0.0,0.0,0.0,0.62,0.52,13.0,1.0,21.54,28.0,1.12,1.34,0.96,0.8,20.0,74.0,3.55,13.58,11.32,283.0,143.0,6.86,5.72,50.53,24.0,1.15,0.0,0.0,0.0,0.0,0.0
310,Fernando Beltrán Cruz,25,08/05/1998,Liga MX,2022/2023,Midfielder,Guadalajara,Mexico,7.16,2466,1230,1236,30,15,15,5,5,0,0,0,0,0,0,7,5,2,31,14,17,2,0,0.18,0.0,0.18,0.37,0.0,493,1.13,80,82,1233,0,0.07,7.16,0.0,44.21,40.18,1125.0,34.46,965.0,37.93,0.86,24.0,0.96,2.16,1.96,55.0,0.57,0.0,0.61,0.89,0.0,5.2,1.02,0.5,1.54,0.43,0.32,26.0,0.93,12.0,0.47,14.0,0.55,17.0,0.67,27.0,1.06,0.94,43.0,1.69,25.0,0.98,58.14,0.0,0.0,0.0,0.0,0.0,85.78,46.15,0.82,0.9,23.0,0.0,0.0,0.04,0.04,1.0,0.14,0.16,4.0,0.0,0.0,0.0,0.0,0.0,1.0,0.04,0.04,0.0,0.0,0.0,0.04,0.04,1.0,1.0,19.23,21.0,0.75,0.83,0.43,0.39,11.0,9.0,0.35,7.15,6.5,182.0,110.0,4.32,3.93,60.44,16.0,0.63,40.74,11.0,0.39,0.43,0.0
329,Roberto Carlos Alvarado Hernández,25,07/09/1998,Liga MX,2022/2023,Midfielder,Guadalajara,Mexico,7.35,2308,1163,1145,26,13,13,8,4,4,4,4,0,5,0,6,4,2,32,14,18,7,0,0.47,0.16,0.31,0.31,0.31,289,1.25,72,89,330,577,0.27,7.35,0.15,38.16,37.88,909.0,30.62,735.0,30.85,2.33,56.0,4.5,1.3,1.29,31.0,2.38,0.0,0.58,2.62,0.0,5.5,1.85,0.92,4.79,0.92,0.92,44.0,1.83,22.0,0.92,22.0,0.92,14.0,0.59,108.0,4.53,2.35,115.0,4.83,63.0,2.64,54.78,0.0,0.0,0.0,0.0,0.0,80.86,50.0,0.71,0.71,17.0,4.0,0.0,0.25,0.25,6.0,0.33,0.34,8.0,0.0,0.0,0.0,0.0,4.0,2.0,0.08,0.08,0.0,0.0,0.0,0.25,0.25,6.0,1.0,18.18,37.0,1.54,1.55,1.01,1.0,24.0,22.0,0.92,13.81,13.71,329.0,153.0,6.42,6.38,46.5,57.0,2.39,28.7,31.0,1.29,1.3,0.0
354,Nicolás Díaz,24,20/05/1999,Liga MX,2022/2023,Defender,Tijuana,Chile,7.01,2093,1103,990,25,14,11,0,0,0,0,0,0,0,0,3,2,1,29,12,17,8,0,0.0,0.0,0.0,0.0,0.0,0,1.25,72,84,262,0,0.34,7.01,0.0,50.32,48.04,1153.0,38.79,931.0,40.64,0.17,4.0,0.33,2.79,2.67,64.0,0.25,0.0,1.25,0.21,0.0,0.0,0.39,0.12,0.29,0.25,1.62,9.0,0.38,6.0,0.26,3.0,0.13,30.0,1.31,8.0,0.35,0.17,7.0,0.31,5.0,0.22,71.43,0.0,0.0,0.0,0.0,0.0,80.75,66.67,0.38,0.39,9.0,0.0,0.0,0.75,0.79,18.0,4.12,4.32,99.0,0.0,0.0,0.0,0.0,0.0,0.0,0.0,0.0,0.0,0.0,0.0,0.0,0.0,0.0,0.0,0.0,21.0,0.88,0.92,0.83,0.79,19.0,39.0,1.7,8.07,7.71,185.0,129.0,5.63,5.38,69.73,6.0,0.26,12.5,1.0,0.04,0.04,0.0
363,Sergio Damián Barreto,24,20/04/1999,Liga MX,2022/2023,Defender,Pachuca,Argentina,6.97,2188,990,1198,25,11,14,1,0,1,2,2,0,0,0,5,1,4,38,15,23,7,0,0.12,0.08,0.04,0.0,0.08,2188,1.56,58,88,313,1094,0.29,6.97,0.08,40.15,39.04,976.0,29.8,745.0,30.64,0.24,6.0,0.12,1.97,1.92,48.0,0.04,0.0,1.64,0.04,0.0,17.0,0.7,0.52,0.16,0.16,3.84,17.0,0.68,4.0,0.16,13.0,0.53,41.0,1.69,3.0,0.12,0.25,4.0,0.16,1.0,0.04,25.0,0.0,0.0,0.0,0.0,0.0,76.33,23.53,0.36,0.37,9.0,0.0,0.0,0.56,0.58,14.0,4.76,4.89,119.0,3.0,0.12,0.12,0.0,0.0,0.0,0.0,0.0,0.0,0.0,0.0,0.0,0.0,0.0,0.0,5.88,11.0,0.44,0.45,0.9,0.88,22.0,96.0,3.95,9.5,9.24,231.0,156.0,6.42,6.24,67.53,1.0,0.04,66.67,2.0,0.08,0.08,0.0
366,Alán Isidro Montes Castro,23,26/10/2000,Liga MX,2022/2023,Defender,Necaxa,Mexico,7.08,2131,1022,1109,27,13,14,2,2,0,1,1,0,0,0,6,4,2,32,11,21,7,0,0.13,0.04,0.08,0.18,0.0,1066,1.35,67,79,304,2131,0.3,7.08,0.04,38.09,33.41,902.0,25.04,676.0,28.55,0.3,8.0,0.04,2.32,2.04,55.0,0.19,0.0,1.59,0.37,0.0,9.0,0.76,0.37,0.48,0.3,2.52,18.0,0.67,8.0,0.34,10.0,0.42,43.0,1.82,1.0,0.04,0.34,13.0,0.55,10.0,0.42,76.92,0.0,0.0,0.0,0.0,0.0,74.94,44.44,0.41,0.46,11.0,0.0,0.0,0.89,1.01,24.0,4.26,4.86,115.0,1.0,0.04,0.04,0.0,0.0,0.0,0.0,0.0,0.0,0.0,0.0,0.04,0.04,1.0,0.0,11.11,18.0,0.67,0.76,1.06,0.93,25.0,68.0,2.87,9.46,8.3,224.0,148.0,6.25,5.48,66.07,5.0,0.21,100.0,1.0,0.04,0.04,0.0
377,César Saúl Huerta Valera,23,03/12/2000,Liga MX,2022/2023,Midfielder,Pumas UNAM,Mexico,7.08,2280,1196,1084,28,14,14,9,4,5,8,7,1,4,1,7,6,1,31,10,21,10,1,0.67,0.32,0.36,0.3,0.42,253,1.22,74,81,207,285,0.43,7.08,0.29,23.72,21.46,601.0,16.61,465.0,18.36,1.46,41.0,1.75,2.33,2.11,59.0,1.79,0.0,0.32,2.36,0.0,4.67,1.66,0.57,5.86,0.93,0.57,42.0,1.5,26.0,1.03,16.0,0.63,9.0,0.36,49.0,1.93,1.62,164.0,6.47,66.0,2.61,40.24,0.0,0.0,0.0,0.0,0.0,77.37,61.9,0.96,1.07,27.0,4.0,1.0,0.0,0.0,0.0,0.07,0.08,2.0,0.0,0.0,0.0,0.0,5.0,2.0,0.07,0.08,0.0,0.0,0.0,0.08,0.07,2.0,2.0,21.43,82.0,2.93,3.24,1.62,1.46,41.0,16.0,0.63,17.96,16.25,455.0,223.0,8.8,7.96,49.01,50.0,1.97,16.33,8.0,0.29,0.32,0.0
398,Juan Manuel Sanabria Magole,23,29/03/2000,Liga MX,2022/2023,Midfielder,Atletico San Luis,Uruguay,7.15,2790,1396,1394,32,16,16,1,0,1,7,5,2,0,0,8,5,3,45,22,23,8,0,0.26,0.23,0.03,0.0,0.06,2790,1.45,62,87,349,399,0.26,7.15,0.22,44.55,43.16,1381.0,35.12,1124.0,36.26,1.59,51.0,5.03,2.32,2.25,72.0,0.44,0.0,1.0,0.53,0.0,21.0,0.68,0.44,1.09,0.22,1.31,21.0,0.66,7.0,0.23,14.0,0.45,32.0,1.03,161.0,5.19,1.65,35.0,1.13,17.0,0.55,48.57,0.0,0.0,0.0,0.0,0.0,81.39,33.33,0.78,0.81,25.0,0.0,0.0,0.31,0.32,10.0,2.16,2.23,69.0,1.0,0.03,0.03,0.0,0.0,3.0,0.09,0.1,0.0,0.0,0.0,0.13,0.12,4.0,0.0,4.76,21.0,0.66,0.68,0.94,0.91,29.0,42.0,1.35,8.35,8.09,259.0,152.0,4.9,4.75,58.69,14.0,0.45,27.95,45.0,1.41,1.45,0.0
404,Marcel Alejandro Ruiz Suárez,23,26/10/2000,Liga MX,2022/2023,Midfielder,Toluca,Mexico,7.14,2128,1006,1122,26,13,13,2,0,2,4,3,1,0,0,7,4,3,26,8,18,7,0,0.25,0.17,0.08,0.0,0.16,1064,1.1,82,82,304,532,0.3,7.14,0.15,51.01,46.38,1206.0,40.04,1041.0,44.03,0.81,21.0,0.35,2.96,2.69,70.0,0.69,0.0,0.62,0.23,0.0,16.5,1.4,0.73,0.73,0.54,1.04,33.0,1.27,14.0,0.59,19.0,0.8,16.0,0.68,9.0,0.38,0.89,19.0,0.8,6.0,0.25,31.58,0.0,0.0,0.0,0.0,0.0,86.32,42.42,0.65,0.72,17.0,0.0,0.0,0.23,0.25,6.0,0.85,0.93,22.0,0.0,0.0,0.0,0.0,0.0,0.0,0.0,0.0,0.0,0.0,0.0,0.08,0.08,2.0,0.0,6.06,35.0,1.35,1.48,0.89,0.81,21.0,27.0,1.14,9.98,9.08,236.0,138.0,5.84,5.31,58.47,18.0,0.76,44.44,4.0,0.15,0.17,0.0
439,Jesús Gilberto Orozco Chiquete,22,19/02/2002,Liga MX,2022/2023,Midfielder,Guadalajara,Mexico,0.0,2172,1074,1098,25,12,13,0,0,0,0,0,0,0,0,6,4,2,30,11,19,8,0,0.0,0.0,0.0,0.0,0.0,0,1.24,72,87,272,0,0.33,0.0,0.0,0.0,0.0,0.0,0.0,0.0,0.0,0.0,0.0,0.0,0.0,0.0,0.0,0.0,0.0,0.0,0.0,0.0,0.0,0.0,0.0,0.0,0.0,0.0,0.0,0.0,0.0,0.0,0.0,0.0,0.0,0.0,0.0,0.0,0.0,0.0,0.0,0.0,0.0,0.0,0.0,0.0,0.0,0.0,0.0,0.0,0.0,0.0,0.0,0.0,0.0,0.0,0.0,0.0,0.0,0.0,0.0,0.0,0.0,0.0,0.0,0.0,0.0,0.0,0.0,0.0,0.0,0.0,0.0,0.0,0.0,0.0,0.0,0.0,0.0,0.0,0.0,0.0,0.0,0.0,0.0,0.0,0.0,0.0,0.0,0.0,0.0,0.0,0.0,0.0,0.0,0.0,0.0,0.0,0.0,0.0
465,Sebastián Olmedo Pereira,22,21/06/2001,Liga MX,2022/2023,Defender,Puebla,Paraguay,0.0,2336,1259,1077,27,14,13,1,1,0,0,0,0,0,0,3,2,1,41,23,18,8,0,0.04,0.0,0.04,0.07,0.0,2336,1.58,57,87,292,0,0.31,0.0,0.0,0.0,0.0,0.0,0.0,0.0,0.0,0.0,0.0,0.0,0.0,0.0,0.0,0.0,0.0,0.0,0.0,0.0,0.0,0.0,0.0,0.0,0.0,0.0,0.0,0.0,0.0,0.0,0.0,0.0,0.0,0.0,0.0,0.0,0.0,0.0,0.0,0.0,0.0,0.0,0.0,0.0,0.0,0.0,0.0,0.0,0.0,0.0,0.0,0.0,0.0,0.0,0.0,0.0,0.0,0.0,0.0,0.0,0.0,0.0,0.0,0.0,0.0,0.0,0.0,0.0,0.0,0.0,0.0,0.0,0.0,0.0,0.0,0.0,0.0,0.0,0.0,0.0,0.0,0.0,0.0,0.0,0.0,0.0,0.0,0.0,0.0,0.0,0.0,0.0,0.0,0.0,0.0,0.0,0.0,0.0
467,Victor Andrés Guzmán Olmedo,22,07/03/2002,Liga MX,2022/2023,Midfielder,Monterrey,Mexico,6.98,2172,1182,990,25,14,11,0,0,0,0,0,0,0,0,10,5,5,16,10,6,0,0,0.0,0.0,0.0,0.0,0.0,0,0.66,136,87,0,0,0.0,6.98,0.0,48.5,46.75,1122.0,40.92,982.0,42.45,0.12,3.0,0.0,1.6,1.54,37.0,0.21,0.0,1.42,0.29,0.0,0.0,0.17,0.08,0.54,0.08,1.92,4.0,0.17,2.0,0.09,2.0,0.09,34.0,1.47,0.0,0.0,0.13,13.0,0.56,7.0,0.3,53.85,0.0,0.0,0.0,0.0,0.0,87.52,50.0,0.08,0.09,2.0,0.0,0.0,0.46,0.48,11.0,2.54,2.64,61.0,0.0,0.0,0.0,0.0,0.0,0.0,0.0,0.0,0.0,0.0,0.0,0.0,0.0,0.0,0.0,0.0,8.0,0.33,0.35,0.73,0.71,17.0,46.0,1.99,6.79,6.54,157.0,98.0,4.24,4.08,62.42,5.0,0.22,0.0,0.0,0.0,0.0,0.0
564,Miguel Emilio Rodriguez Macías,20,21/04/2003,Liga MX,2022/2023,Forward,Pachuca,Mexico,0.0,2050,1041,1009,26,13,13,1,1,0,3,2,1,0,0,4,1,3,34,14,20,6,0,0.18,0.13,0.04,0.09,0.0,2050,1.49,60,79,342,683,0.26,0.0,0.0,0.0,0.0,0.0,0.0,0.0,0.0,0.0,0.0,0.0,0.0,0.0,0.0,0.0,0.0,0.0,0.0,0.0,0.0,0.0,0.0,0.0,0.0,0.0,0.0,0.0,0.0,0.0,0.0,0.0,0.0,0.0,0.0,0.0,0.0,0.0,0.0,0.0,0.0,0.0,0.0,0.0,0.0,0.0,0.0,0.0,0.0,0.0,0.0,0.0,0.0,0.0,0.0,0.0,0.0,0.0,0.0,0.0,0.0,0.0,0.0,0.0,0.0,0.0,0.0,0.0,0.0,0.0,0.0,0.0,0.0,0.0,0.0,0.0,0.0,0.0,0.0,0.0,0.0,0.0,0.0,0.0,0.0,0.0,0.0,0.0,0.0,0.0,0.0,0.0,0.0,0.0,0.0,0.0,0.0,0.0
